=== SEARCH/REPLACE PARSER ===
overnight/last_failed_raw.txt:4:=== RAW MODEL OUTPUT (0 SEARCH/REPLACE blocks parsed) ===
overnight/self_improver.py:677:                    f"=== RAW MODEL OUTPUT (0 SEARCH/REPLACE blocks parsed) ===\n{raw[:6000]}\n")
overnight/self_improver.py:679:            print(f"       ⚠️ 0 SEARCH/REPLACE blocks parsed (format issue). Raw dumped to overnight/last_failed_raw.txt")
overnight/drun_continuous.log:2897:       ⚠️ 0 SEARCH/REPLACE blocks parsed (format issue). Raw dumped to overnight/last_failed_raw.txt
overnight/drun_continuous.log:2898:       ⚠️ 0 SEARCH/REPLACE blocks parsed (format issue). Raw dumped to overnight/last_failed_raw.txt
overnight/drun_continuous.log:2917:       ⚠️ 0 SEARCH/REPLACE blocks parsed (format issue). Raw dumped to overnight/last_failed_raw.txt
overnight/drun_continuous.log:2937:       ⚠️ 0 SEARCH/REPLACE blocks parsed (format issue). Raw dumped to overnight/last_failed_raw.txt
overnight/drun_continuous.log:2994:       ⚠️ 0 SEARCH/REPLACE blocks parsed (format issue). Raw dumped to overnight/last_failed_raw.txt
overnight/drun_continuous.log:3024:       ⚠️ 0 SEARCH/REPLACE blocks parsed (format issue). Raw dumped to overnight/last_failed_raw.txt
overnight/drun_continuous.log:3069:       ⚠️ 0 SEARCH/REPLACE blocks parsed (format issue). Raw dumped to overnight/last_failed_raw.txt
overnight/drun_continuous.log:3071:       ⚠️ 0 SEARCH/REPLACE blocks parsed (format issue). Raw dumped to overnight/last_failed_raw.txt
overnight/drun_continuous.log:3192:       ⚠️ 0 SEARCH/REPLACE blocks parsed (format issue). Raw dumped to overnight/last_failed_raw.txt
overnight/drun_continuous.log:3221:       ⚠️ 0 SEARCH/REPLACE blocks parsed (format issue). Raw dumped to overnight/last_failed_raw.txt
overnight/drun_continuous.log:3234:       ⚠️ 0 SEARCH/REPLACE blocks parsed (format issue). Raw dumped to overnight/last_failed_raw.txt
overnight/drun_continuous.log:3235:       ⚠️ 0 SEARCH/REPLACE blocks parsed (format issue). Raw dumped to overnight/last_failed_raw.txt
overnight/drun_continuous.log:3296:       ⚠️ 0 SEARCH/REPLACE blocks parsed (format issue). Raw dumped to overnight/last_failed_raw.txt
overnight/drun_continuous.log:3297:       ⚠️ 0 SEARCH/REPLACE blocks parsed (format issue). Raw dumped to overnight/last_failed_raw.txt
overnight/drun_continuous.log:3321:       ⚠️ 0 SEARCH/REPLACE blocks parsed (format issue). Raw dumped to overnight/last_failed_raw.txt
overnight/drun_continuous.log:3427:       ⚠️ 0 SEARCH/REPLACE blocks parsed (format issue). Raw dumped to overnight/last_failed_raw.txt
overnight/drun_continuous.log:3454:       ⚠️ 0 SEARCH/REPLACE blocks parsed (format issue). Raw dumped to overnight/last_failed_raw.txt
overnight/drun_continuous.log:3689:       ⚠️ 0 SEARCH/REPLACE blocks parsed (format issue). Raw dumped to overnight/last_failed_raw.txt
overnight/drun_continuous.log:3691:       ⚠️ 0 SEARCH/REPLACE blocks parsed (format issue). Raw dumped to overnight/last_failed_raw.txt
overnight/drun_continuous.log:3710:       ⚠️ 0 SEARCH/REPLACE blocks parsed (format issue). Raw dumped to overnight/last_failed_raw.txt
overnight/drun_continuous.log:3786:       ⚠️ 0 SEARCH/REPLACE blocks parsed (format issue). Raw dumped to overnight/last_failed_raw.txt
overnight/drun_continuous.log:3863:       ⚠️ 0 SEARCH/REPLACE blocks parsed (format issue). Raw dumped to overnight/last_failed_raw.txt
overnight/drun_continuous.log:15033:       ⚠️ 0 SEARCH/REPLACE blocks parsed (format issue). Raw dumped to overnight/last_failed_raw.txt
overnight/drun_continuous.log:15064:       ⚠️ 0 SEARCH/REPLACE blocks parsed (format issue). Raw dumped to overnight/last_failed_raw.txt
overnight/drun_continuous.log:15287:       ⚠️ 0 SEARCH/REPLACE blocks parsed (format issue). Raw dumped to overnight/last_failed_raw.txt
overnight/drun_continuous.log:15288:       ⚠️ 0 SEARCH/REPLACE blocks parsed (format issue). Raw dumped to overnight/last_failed_raw.txt
overnight/drun_continuous.log:15300:       ⚠️ 0 SEARCH/REPLACE blocks parsed (format issue). Raw dumped to overnight/last_failed_raw.txt
overnight/drun_continuous.log:15384:       ⚠️ 0 SEARCH/REPLACE blocks parsed (format issue). Raw dumped to overnight/last_failed_raw.txt
overnight/drun_continuous.log:15386:       ⚠️ 0 SEARCH/REPLACE blocks parsed (format issue). Raw dumped to overnight/last_failed_raw.txt
overnight/drun_continuous.log:15407:       ⚠️ 0 SEARCH/REPLACE blocks parsed (format issue). Raw dumped to overnight/last_failed_raw.txt
overnight/drun_continuous.log:15408:       ⚠️ 0 SEARCH/REPLACE blocks parsed (format issue). Raw dumped to overnight/last_failed_raw.txt
overnight/drun_continuous.log:15453:       ⚠️ 0 SEARCH/REPLACE blocks parsed (format issue). Raw dumped to overnight/last_failed_raw.txt
overnight/drun_continuous.log:15465:       ⚠️ 0 SEARCH/REPLACE blocks parsed (format issue). Raw dumped to overnight/last_failed_raw.txt
overnight/drun_continuous.log:15478:       ⚠️ 0 SEARCH/REPLACE blocks parsed (format issue). Raw dumped to overnight/last_failed_raw.txt
overnight/drun_continuous.log:15479:       ⚠️ 0 SEARCH/REPLACE blocks parsed (format issue). Raw dumped to overnight/last_failed_raw.txt
overnight/self_improver.py.bak.stab:675:                    f"=== RAW MODEL OUTPUT (0 SEARCH/REPLACE blocks parsed) ===\n{raw[:6000]}\n")
overnight/self_improver.py.bak.stab:677:            print(f"       ⚠️ 0 SEARCH/REPLACE blocks parsed (format issue). Raw dumped to overnight/last_failed_raw.txt")
grep: overnight/__pycache__/self_improver.cpython-314.pyc: binary file matches
=== GHOST NAMES ===
overnight/self_improver.py:694:            print(f"       👻 GHOST NAMES DETECTED: {ghosts_str}")
overnight/drun_continuous.log:2781:       👻 GHOST NAMES DETECTED: multi_file_patcher.py(i, s, start, size, match, l, best_score, patch, best_size, best_start)
overnight/drun_continuous.log:2782:       👻 GHOST NAMES DETECTED: multi_file_patcher.py(i, s, start, size, match, l, best_score, patch, best_size, best_start)
overnight/drun_continuous.log:2791:       👻 GHOST NAMES DETECTED: multi_file_patcher.py(i, s, start, size, match, l, best_score, patch, best_size, best_start)
overnight/drun_continuous.log:2877:       👻 GHOST NAMES DETECTED: failure_autopsy.py(Dict)
overnight/drun_continuous.log:2878:       👻 GHOST NAMES DETECTED: failure_autopsy.py(Dict)
overnight/drun_continuous.log:2887:       👻 GHOST NAMES DETECTED: multi_file_patcher.py(i, s, start, size, match, l, best_score, patch, best_size, best_start)
overnight/drun_continuous.log:2888:       👻 GHOST NAMES DETECTED: multi_file_patcher.py(i, s, start, size, match, l, best_score, patch, best_size, best_start)
overnight/drun_continuous.log:2928:       👻 GHOST NAMES DETECTED: multi_file_patcher.py(i, s, start, size, match, l, best_score, patch, best_size, best_start)
overnight/drun_continuous.log:2929:       👻 GHOST NAMES DETECTED: multi_file_patcher.py(i, s, start, size, match, l, best_score, patch, best_size, best_start)
overnight/drun_continuous.log:2938:       👻 GHOST NAMES DETECTED: multi_file_patcher.py(i, s, size, start, match, patch)
overnight/drun_continuous.log:2951:       👻 GHOST NAMES DETECTED: consensus_gate.py(bad, e)
overnight/drun_continuous.log:2961:       👻 GHOST NAMES DETECTED: consensus_gate.py(bad, e)
overnight/drun_continuous.log:2962:       👻 GHOST NAMES DETECTED: consensus_gate.py(bad, e)
overnight/drun_continuous.log:2974:       👻 GHOST NAMES DETECTED: consensus_gate.py(bad, e)
overnight/drun_continuous.log:2975:       👻 GHOST NAMES DETECTED: consensus_gate.py(bad, e)
overnight/drun_continuous.log:2983:       👻 GHOST NAMES DETECTED: consensus_gate.py(bad, e, CONSENSUS_MAX_TOKENS, CONSENSUS_PROMPT_TEMPLATE, CONSENSUS_TEMPERATURE)
overnight/drun_continuous.log:2995:       👻 GHOST NAMES DETECTED: consensus_gate.py(bad, e, audit_logger)
overnight/drun_continuous.log:3004:       👻 GHOST NAMES DETECTED: consensus_gate.py(bad, e)
overnight/drun_continuous.log:3005:       👻 GHOST NAMES DETECTED: consensus_gate.py(bad, e)
overnight/drun_continuous.log:3035:       👻 GHOST NAMES DETECTED: consensus_gate.py(bad, e)
overnight/drun_continuous.log:3036:       👻 GHOST NAMES DETECTED: consensus_gate.py(bad, e)
overnight/drun_continuous.log:3046:       👻 GHOST NAMES DETECTED: consensus_gate.py(bad, e)
overnight/drun_continuous.log:3047:       👻 GHOST NAMES DETECTED: consensus_gate.py(bad, e)
overnight/drun_continuous.log:3058:       👻 GHOST NAMES DETECTED: consensus_gate.py(bad, e, CONSENSUS_MAX_TOKENS, CONSENSUS_PROMPT_TEMPLATE, CONSENSUS_TEMPERATURE)
overnight/drun_continuous.log:3059:       👻 GHOST NAMES DETECTED: consensus_gate.py(bad, e, CONSENSUS_MAX_TOKENS, CONSENSUS_PROMPT_TEMPLATE, CONSENSUS_TEMPERATURE)
overnight/drun_continuous.log:3082:       👻 GHOST NAMES DETECTED: consensus_gate.py(bad, e)
overnight/drun_continuous.log:3083:       👻 GHOST NAMES DETECTED: consensus_gate.py(bad, e)
overnight/drun_continuous.log:3101:       👻 GHOST NAMES DETECTED: consensus_gate.py(bad, e)
overnight/drun_continuous.log:3102:       👻 GHOST NAMES DETECTED: consensus_gate.py(bad, e)
overnight/drun_continuous.log:3111:       👻 GHOST NAMES DETECTED: consensus_gate.py(bad, e)
overnight/drun_continuous.log:3112:       👻 GHOST NAMES DETECTED: consensus_gate.py(bad, e)
overnight/drun_continuous.log:3121:       👻 GHOST NAMES DETECTED: consensus_gate.py(bad, e)
overnight/drun_continuous.log:3122:       👻 GHOST NAMES DETECTED: consensus_gate.py(bad, e)
overnight/drun_continuous.log:3131:       👻 GHOST NAMES DETECTED: consensus_gate.py(bad, e, CONSENSUS_MAX_TOKENS, CONSENSUS_PROMPT_TEMPLATE, CONSENSUS_TEMPERATURE)
overnight/drun_continuous.log:3132:       👻 GHOST NAMES DETECTED: consensus_gate.py(bad, e, CONSENSUS_MAX_TOKENS, CONSENSUS_PROMPT_TEMPLATE, CONSENSUS_TEMPERATURE)
overnight/drun_continuous.log:3142:       👻 GHOST NAMES DETECTED: consensus_gate.py(bad, e)
overnight/drun_continuous.log:3145:       👻 GHOST NAMES DETECTED: consensus_gate.py(bad, e)
overnight/drun_continuous.log:3154:       👻 GHOST NAMES DETECTED: consensus_gate.py(bad, e)
overnight/drun_continuous.log:3155:       👻 GHOST NAMES DETECTED: consensus_gate.py(bad, e)
overnight/drun_continuous.log:3222:       👻 GHOST NAMES DETECTED: failure_autopsy.py(_autopsy_cache)
overnight/drun_continuous.log:3251:       👻 GHOST NAMES DETECTED: multi_file_patcher.py(i, s, start, size, match, l, best_score, patch, best_size, best_start)
overnight/drun_continuous.log:3259:       👻 GHOST NAMES DETECTED: multi_file_patcher.py(i, s, start, size, match, l, best_score, patch, best_size, best_start)
overnight/drun_continuous.log:3260:       👻 GHOST NAMES DETECTED: multi_file_patcher.py(i, s, start, size, match, l, best_score, patch, best_size, best_start)
overnight/drun_continuous.log:3272:       👻 GHOST NAMES DETECTED: multi_file_patcher.py(i, s, start, size, match, l, best_score, patch, best_size, best_start)
overnight/drun_continuous.log:3286:       👻 GHOST NAMES DETECTED: failure_autopsy.py(e)
overnight/drun_continuous.log:3287:       👻 GHOST NAMES DETECTED: failure_autopsy.py(e)
overnight/drun_continuous.log:3324:       👻 GHOST NAMES DETECTED: multi_file_patcher.py(i, s, start, size, match, l, best_score, patch, best_size, best_start)
overnight/drun_continuous.log:3335:       👻 GHOST NAMES DETECTED: multi_file_patcher.py(i, s, start, size, match, l, best_score, patch, best_size, best_start)
overnight/drun_continuous.log:3336:       👻 GHOST NAMES DETECTED: multi_file_patcher.py(i, s, start, size, match, l, best_score, patch, best_size, best_start)
overnight/drun_continuous.log:3430:       👻 GHOST NAMES DETECTED: multi_file_patcher.py(i, s, start, size, match, l, best_score, patch, best_size, best_start)
overnight/drun_continuous.log:3442:       👻 GHOST NAMES DETECTED: consensus_gate.py(bad, e), multi_file_patcher.py(i, s, start, size, match, l, best_score, patch, best_size, best_start)
overnight/drun_continuous.log:3453:       👻 GHOST NAMES DETECTED: multi_file_patcher.py(i, s, start, size, match, l, best_score, patch, best_size, best_start)
overnight/drun_continuous.log:3463:       👻 GHOST NAMES DETECTED: multi_file_patcher.py(i, s, start, size, match, l, best_score, patch, best_size, best_start)
overnight/drun_continuous.log:3465:       👻 GHOST NAMES DETECTED: multi_file_patcher.py(i, s, start, size, match, l, best_score, patch, best_size, best_start)
overnight/drun_continuous.log:3485:       👻 GHOST NAMES DETECTED: consensus_gate.py(bad, e)
overnight/drun_continuous.log:3486:       👻 GHOST NAMES DETECTED: consensus_gate.py(bad, e)
overnight/drun_continuous.log:3495:       👻 GHOST NAMES DETECTED: consensus_gate.py(bad, e)
overnight/drun_continuous.log:3496:       👻 GHOST NAMES DETECTED: consensus_gate.py(bad, e)
overnight/drun_continuous.log:3505:       👻 GHOST NAMES DETECTED: consensus_gate.py(bad, temperature, e, max_tokens)
overnight/drun_continuous.log:3517:       👻 GHOST NAMES DETECTED: consensus_gate.py(bad, e)
overnight/drun_continuous.log:3518:       👻 GHOST NAMES DETECTED: consensus_gate.py(bad, e)
overnight/drun_continuous.log:3530:       👻 GHOST NAMES DETECTED: consensus_gate.py(bad, e)
overnight/drun_continuous.log:3532:       👻 GHOST NAMES DETECTED: consensus_gate.py(bad, e)
overnight/drun_continuous.log:3543:       👻 GHOST NAMES DETECTED: consensus_gate.py(bad, e)
overnight/drun_continuous.log:3544:       👻 GHOST NAMES DETECTED: consensus_gate.py(bad, e)
overnight/drun_continuous.log:3562:       👻 GHOST NAMES DETECTED: consensus_gate.py(bad, e)
overnight/drun_continuous.log:3563:       👻 GHOST NAMES DETECTED: consensus_gate.py(bad, e)
overnight/drun_continuous.log:3572:       👻 GHOST NAMES DETECTED: consensus_gate.py(bad, e)
overnight/drun_continuous.log:3573:       👻 GHOST NAMES DETECTED: consensus_gate.py(bad, e)
overnight/drun_continuous.log:3582:       👻 GHOST NAMES DETECTED: consensus_gate.py(bad, e)
overnight/drun_continuous.log:3583:       👻 GHOST NAMES DETECTED: consensus_gate.py(bad, e)
overnight/drun_continuous.log:3592:       👻 GHOST NAMES DETECTED: consensus_gate.py(bad, e)
overnight/drun_continuous.log:3593:       👻 GHOST NAMES DETECTED: consensus_gate.py(bad, e)
overnight/drun_continuous.log:3602:       👻 GHOST NAMES DETECTED: consensus_gate.py(bad, e)
overnight/drun_continuous.log:3603:       👻 GHOST NAMES DETECTED: consensus_gate.py(bad, e)
overnight/drun_continuous.log:3612:       👻 GHOST NAMES DETECTED: consensus_gate.py(bad, e)
overnight/drun_continuous.log:3615:       👻 GHOST NAMES DETECTED: consensus_gate.py(bad, e)
overnight/drun_continuous.log:3633:       👻 GHOST NAMES DETECTED: consensus_gate.py(bad, e)
overnight/drun_continuous.log:3634:       👻 GHOST NAMES DETECTED: consensus_gate.py(bad, e)
overnight/drun_continuous.log:3643:       👻 GHOST NAMES DETECTED: consensus_gate.py(bad, e)
overnight/drun_continuous.log:3644:       👻 GHOST NAMES DETECTED: consensus_gate.py(bad, e)
overnight/drun_continuous.log:3658:       👻 GHOST NAMES DETECTED: consensus_gate.py(bad, e)
overnight/drun_continuous.log:3667:       👻 GHOST NAMES DETECTED: consensus_gate.py(bad, e)
overnight/drun_continuous.log:3668:       👻 GHOST NAMES DETECTED: consensus_gate.py(bad, e)
overnight/drun_continuous.log:3678:       👻 GHOST NAMES DETECTED: consensus_gate.py(bad, e)
overnight/drun_continuous.log:3679:       👻 GHOST NAMES DETECTED: consensus_gate.py(bad, e)
overnight/drun_continuous.log:3733:       👻 GHOST NAMES DETECTED: failure_autopsy.py(e)
overnight/drun_continuous.log:3756:       👻 GHOST NAMES DETECTED: failure_autopsy.py(MAX_TOKENS, e)
overnight/drun_continuous.log:3809:       👻 GHOST NAMES DETECTED: failure_autopsy.py(e)
overnight/drun_continuous.log:3832:       👻 GHOST NAMES DETECTED: failure_autopsy.py(MAX_TOKENS, e)
overnight/drun_continuous.log:3886:       👻 GHOST NAMES DETECTED: failure_autopsy.py(e)
overnight/drun_continuous.log:3909:       👻 GHOST NAMES DETECTED: failure_autopsy.py(MAX_TOKENS, e)
overnight/drun_continuous.log:3932:       👻 GHOST NAMES DETECTED: multi_file_patcher.py(i, s, start, size, match, l, best_score, patch, best_size, best_start)
overnight/drun_continuous.log:3955:       👻 GHOST NAMES DETECTED: multi_file_patcher.py(i, s, start, size, match, l, best_score, patch, best_size, best_start)
overnight/drun_continuous.log:4024:       👻 GHOST NAMES DETECTED: multi_file_patcher.py(i, s, start, size, match, l, best_score, patch, best_size, best_start)
overnight/drun_continuous.log:4047:       👻 GHOST NAMES DETECTED: multi_file_patcher.py(i, s, start, size, match, l, best_score, patch, best_size, best_start)
overnight/drun_continuous.log:4079:       👻 GHOST NAMES DETECTED: multi_file_patcher.py(i, s, start, size, match, l, best_score, patch, best_size, best_start)
overnight/drun_continuous.log:4083:       👻 GHOST NAMES DETECTED: multi_file_patcher.py(i, s, start, size, match, l, best_score, patch, best_size, best_start)
overnight/drun_continuous.log:4108:       👻 GHOST NAMES DETECTED: multi_file_patcher.py(i, s, start, size, match, l, best_score, patch, best_size, best_start)
overnight/drun_continuous.log:9961:       👻 GHOST NAMES DETECTED: failure_autopsy.py(logger, e)
overnight/drun_continuous.log:15020:       👻 GHOST NAMES DETECTED: failure_autopsy.py(e)
overnight/drun_continuous.log:15036:       👻 GHOST NAMES DETECTED: failure_autopsy.py(e)
overnight/drun_continuous.log:15065:       👻 GHOST NAMES DETECTED: failure_autopsy.py(e)
overnight/drun_continuous.log:15164:       👻 GHOST NAMES DETECTED: failure_autopsy.py(e)
overnight/drun_continuous.log:15165:       👻 GHOST NAMES DETECTED: failure_autopsy.py(e)
overnight/drun_continuous.log:15187:       👻 GHOST NAMES DETECTED: consensus_gate.py(bad, e)
overnight/drun_continuous.log:15188:       👻 GHOST NAMES DETECTED: consensus_gate.py(bad, e)
overnight/drun_continuous.log:15197:       👻 GHOST NAMES DETECTED: consensus_gate.py(bad, e)
overnight/drun_continuous.log:15198:       👻 GHOST NAMES DETECTED: consensus_gate.py(bad, e)
overnight/drun_continuous.log:15207:       👻 GHOST NAMES DETECTED: consensus_gate.py(bad, e)
overnight/drun_continuous.log:15208:       👻 GHOST NAMES DETECTED: consensus_gate.py(bad, e)
overnight/drun_continuous.log:15222:       👻 GHOST NAMES DETECTED: consensus_gate.py(bad, e)
overnight/drun_continuous.log:15223:       👻 GHOST NAMES DETECTED: consensus_gate.py(bad, e)
overnight/drun_continuous.log:15234:       👻 GHOST NAMES DETECTED: consensus_gate.py(bad, e)
overnight/drun_continuous.log:15235:       👻 GHOST NAMES DETECTED: consensus_gate.py(bad, e)
overnight/drun_continuous.log:15246:       👻 GHOST NAMES DETECTED: consensus_gate.py(bad, e)
overnight/drun_continuous.log:15248:       👻 GHOST NAMES DETECTED: consensus_gate.py(bad, e)
overnight/drun_continuous.log:15263:       👻 GHOST NAMES DETECTED: intake_eve.py(i, row, count, f, key, e, k, v)
overnight/drun_continuous.log:15264:       👻 GHOST NAMES DETECTED: intake_eve.py(i, row, count, f, key, e, k, v)
overnight/drun_continuous.log:15273:       👻 GHOST NAMES DETECTED: intake_eve.py(i, row, f, key, e, k, v, x)
overnight/drun_continuous.log:15275:       👻 GHOST NAMES DETECTED: intake_eve.py(i, row, f, key, e, k, v, x)
overnight/drun_continuous.log:15303:       👻 GHOST NAMES DETECTED: intake_eve.py(row, f, key, e, k, v, x)
overnight/drun_continuous.log:15314:       👻 GHOST NAMES DETECTED: intake_eve.py(i, row, f, key, e, k, v, x)
overnight/drun_continuous.log:15316:       👻 GHOST NAMES DETECTED: intake_eve.py(i, row, f, key, e, k, v, x)
overnight/drun_continuous.log:15329:       👻 GHOST NAMES DETECTED: consensus_gate.py(bad, e)
overnight/drun_continuous.log:15330:       👻 GHOST NAMES DETECTED: consensus_gate.py(bad, e)
overnight/drun_continuous.log:15340:       👻 GHOST NAMES DETECTED: consensus_gate.py(bad, e)
overnight/drun_continuous.log:15342:       👻 GHOST NAMES DETECTED: consensus_gate.py(bad, e)
overnight/drun_continuous.log:15364:       👻 GHOST NAMES DETECTED: intake_eve.py(i, row, count, f, key, e, k, v)
overnight/drun_continuous.log:15365:       👻 GHOST NAMES DETECTED: intake_eve.py(i, row, count, f, key, e, k, v)
overnight/drun_continuous.log:15374:       👻 GHOST NAMES DETECTED: intake_eve.py(i, row, f, key, e, k, v, x)
overnight/drun_continuous.log:15375:       👻 GHOST NAMES DETECTED: intake_eve.py(i, row, f, key, e, k, v, x)
overnight/drun_continuous.log:15397:       👻 GHOST NAMES DETECTED: intake_eve.py(i, row, f, key, e, k, v, x)
overnight/drun_continuous.log:15398:       👻 GHOST NAMES DETECTED: intake_eve.py(i, row, f, key, e, k, v, x)
overnight/drun_continuous.log:15426:       👻 GHOST NAMES DETECTED: intake_eve.py(i, row, count, f, key, e, k, v)
overnight/drun_continuous.log:15428:       👻 GHOST NAMES DETECTED: intake_eve.py(i, row, count, f, key, e, k, v)
overnight/drun_continuous.log:15438:       👻 GHOST NAMES DETECTED: intake_eve.py(i, row, f, key, e, k, v, x)
overnight/drun_continuous.log:15441:       👻 GHOST NAMES DETECTED: intake_eve.py(i, row, f, key, e, k, v, x)
overnight/drun_continuous.log:15456:       👻 GHOST NAMES DETECTED: intake_eve.py(i, row, f, key, e, k, v, x)
overnight/drun_continuous.log:15499:       👻 GHOST NAMES DETECTED: multi_file_patcher.py(i, s, start, size, match, l, best_score, patch, best_size, best_start)
overnight/drun_continuous.log:15500:       👻 GHOST NAMES DETECTED: multi_file_patcher.py(i, s, start, size, match, l, best_score, patch, best_size, best_start)
overnight/drun_continuous.log:15510:       👻 GHOST NAMES DETECTED: multi_file_patcher.py(i, s, start, size, match, l, best_score, patch, best_size, best_start)
overnight/drun_continuous.log:15511:       👻 GHOST NAMES DETECTED: multi_file_patcher.py(i, s, start, size, match, l, best_score, patch, best_size, best_start)
overnight/drun_continuous.log:15522:       👻 GHOST NAMES DETECTED: multi_file_patcher.py(i, s, start, size, match, l, best_score, patch, best_size, best_start)
overnight/drun_continuous.log:15523:       👻 GHOST NAMES DETECTED: multi_file_patcher.py(i, s, start, size, match, l, best_score, patch, best_size, best_start)
overnight/drun_continuous.log:15532:       👻 GHOST NAMES DETECTED: multi_file_patcher.py(i, s, start, size, match, l, best_score, FUZZY_MATCH_THRESHOLD, patch, best_size, best_start)
overnight/drun_continuous.log:15533:       👻 GHOST NAMES DETECTED: multi_file_patcher.py(i, s, start, size, match, l, best_score, FUZZY_MATCH_THRESHOLD, patch, best_size, best_start)
overnight/drun_continuous.log:15545:       👻 GHOST NAMES DETECTED: multi_file_patcher.py(i, s, start, size, match, l, best_score, patch, best_size, best_start)
overnight/drun_continuous.log:15547:       👻 GHOST NAMES DETECTED: consensus_gate.py(bad, e)
overnight/drun_continuous.log:15559:       👻 GHOST NAMES DETECTED: multi_file_patcher.py(i, s, start, size, match, l, best_score, patch, best_size, best_start)
overnight/drun_continuous.log:15560:       👻 GHOST NAMES DETECTED: multi_file_patcher.py(i, s, start, size, match, l, best_score, patch, best_size, best_start)
overnight/drun_continuous.log:15571:       👻 GHOST NAMES DETECTED: multi_file_patcher.py(i, s, start, size, match, l, best_score, patch, best_size, best_start)
overnight/drun_continuous.log:15572:       👻 GHOST NAMES DETECTED: multi_file_patcher.py(i, s, start, size, match, l, best_score, patch, best_size, best_start)
overnight/self_improver.py.bak.stab:692:            print(f"       👻 GHOST NAMES DETECTED: {ghosts_str}")
grep: overnight/__pycache__/self_improver.cpython-314.pyc: binary file matches
=== VACUOUS TEST ===
overnight/self_improver.py:589:                print(f"       ⚠️ TDD Red Phase FAILED: Test passes immediately. Rejecting vacuous test.")
overnight/drun_continuous.log:158:       ⚠️ TDD Red Phase FAILED: Test passes immediately. Rejecting vacuous test.
overnight/drun_continuous.log:297:       ⚠️ TDD Red Phase FAILED: Test passes immediately. Rejecting vacuous test.
overnight/drun_continuous.log:367:       ⚠️ TDD Red Phase FAILED: Test passes immediately. Rejecting vacuous test.
overnight/drun_continuous.log:441:       ⚠️ TDD Red Phase FAILED: Test passes immediately. Rejecting vacuous test.
overnight/drun_continuous.log:882:       ⚠️ TDD Red Phase FAILED: Test passes immediately. Rejecting vacuous test.
overnight/drun_continuous.log:943:       ⚠️ TDD Red Phase FAILED: Test passes immediately. Rejecting vacuous test.
overnight/drun_continuous.log:1784:       ⚠️ TDD Red Phase FAILED: Test passes immediately. Rejecting vacuous test.
overnight/drun_continuous.log:2870:       ⚠️ TDD Red Phase FAILED: Test passes immediately. Rejecting vacuous test.
overnight/drun_continuous.log:2967:       ⚠️ TDD Red Phase FAILED: Test passes immediately. Rejecting vacuous test.
overnight/drun_continuous.log:2978:       ⚠️ TDD Red Phase FAILED: Test passes immediately. Rejecting vacuous test.
overnight/drun_continuous.log:3016:       ⚠️ TDD Red Phase FAILED: Test passes immediately. Rejecting vacuous test.
overnight/drun_continuous.log:3040:       ⚠️ TDD Red Phase FAILED: Test passes immediately. Rejecting vacuous test.
overnight/drun_continuous.log:3116:       ⚠️ TDD Red Phase FAILED: Test passes immediately. Rejecting vacuous test.
overnight/drun_continuous.log:3137:       ⚠️ TDD Red Phase FAILED: Test passes immediately. Rejecting vacuous test.
overnight/drun_continuous.log:3241:       ⚠️ TDD Red Phase FAILED: Test passes immediately. Rejecting vacuous test.
overnight/drun_continuous.log:3291:       ⚠️ TDD Red Phase FAILED: Test passes immediately. Rejecting vacuous test.
overnight/drun_continuous.log:3302:       ⚠️ TDD Red Phase FAILED: Test passes immediately. Rejecting vacuous test.
overnight/drun_continuous.log:3422:       ⚠️ TDD Red Phase FAILED: Test passes immediately. Rejecting vacuous test.
overnight/drun_continuous.log:3478:       ⚠️ TDD Red Phase FAILED: Test passes immediately. Rejecting vacuous test.
overnight/drun_continuous.log:3490:       ⚠️ TDD Red Phase FAILED: Test passes immediately. Rejecting vacuous test.
overnight/drun_continuous.log:3523:       ⚠️ TDD Red Phase FAILED: Test passes immediately. Rejecting vacuous test.
overnight/drun_continuous.log:3567:       ⚠️ TDD Red Phase FAILED: Test passes immediately. Rejecting vacuous test.
overnight/drun_continuous.log:3597:       ⚠️ TDD Red Phase FAILED: Test passes immediately. Rejecting vacuous test.
overnight/drun_continuous.log:3628:       ⚠️ TDD Red Phase FAILED: Test passes immediately. Rejecting vacuous test.
overnight/drun_continuous.log:3638:       ⚠️ TDD Red Phase FAILED: Test passes immediately. Rejecting vacuous test.
overnight/drun_continuous.log:3672:       ⚠️ TDD Red Phase FAILED: Test passes immediately. Rejecting vacuous test.
overnight/drun_continuous.log:3921:       ⚠️ TDD Red Phase FAILED: Test passes immediately. Rejecting vacuous test.
overnight/drun_continuous.log:4013:       ⚠️ TDD Red Phase FAILED: Test passes immediately. Rejecting vacuous test.
overnight/drun_continuous.log:4062:       ⚠️ TDD Red Phase FAILED: Test passes immediately. Rejecting vacuous test.
overnight/drun_continuous.log:4162:       ⚠️ TDD Red Phase FAILED: Test passes immediately. Rejecting vacuous test.
overnight/drun_continuous.log:4200:       ⚠️ TDD Red Phase FAILED: Test passes immediately. Rejecting vacuous test.
overnight/drun_continuous.log:4462:       ⚠️ TDD Red Phase FAILED: Test passes immediately. Rejecting vacuous test.
overnight/drun_continuous.log:4598:       ⚠️ TDD Red Phase FAILED: Test passes immediately. Rejecting vacuous test.
overnight/drun_continuous.log:4665:       ⚠️ TDD Red Phase FAILED: Test passes immediately. Rejecting vacuous test.
overnight/drun_continuous.log:4883:       ⚠️ TDD Red Phase FAILED: Test passes immediately. Rejecting vacuous test.
overnight/drun_continuous.log:5136:       ⚠️ TDD Red Phase FAILED: Test passes immediately. Rejecting vacuous test.
overnight/drun_continuous.log:6467:       ⚠️ TDD Red Phase FAILED: Test passes immediately. Rejecting vacuous test.
overnight/drun_continuous.log:6713:       ⚠️ TDD Red Phase FAILED: Test passes immediately. Rejecting vacuous test.
overnight/drun_continuous.log:7070:       ⚠️ TDD Red Phase FAILED: Test passes immediately. Rejecting vacuous test.
overnight/drun_continuous.log:7324:       ⚠️ TDD Red Phase FAILED: Test passes immediately. Rejecting vacuous test.
overnight/drun_continuous.log:7649:       ⚠️ TDD Red Phase FAILED: Test passes immediately. Rejecting vacuous test.
overnight/drun_continuous.log:7676:       ⚠️ TDD Red Phase FAILED: Test passes immediately. Rejecting vacuous test.
overnight/drun_continuous.log:7784:       ⚠️ TDD Red Phase FAILED: Test passes immediately. Rejecting vacuous test.
overnight/drun_continuous.log:8041:       ⚠️ TDD Red Phase FAILED: Test passes immediately. Rejecting vacuous test.
overnight/drun_continuous.log:8140:       ⚠️ TDD Red Phase FAILED: Test passes immediately. Rejecting vacuous test.
overnight/drun_continuous.log:8212:       ⚠️ TDD Red Phase FAILED: Test passes immediately. Rejecting vacuous test.
overnight/drun_continuous.log:8433:       ⚠️ TDD Red Phase FAILED: Test passes immediately. Rejecting vacuous test.
overnight/drun_continuous.log:8493:       ⚠️ TDD Red Phase FAILED: Test passes immediately. Rejecting vacuous test.
overnight/drun_continuous.log:8712:       ⚠️ TDD Red Phase FAILED: Test passes immediately. Rejecting vacuous test.
overnight/drun_continuous.log:8779:       ⚠️ TDD Red Phase FAILED: Test passes immediately. Rejecting vacuous test.
overnight/drun_continuous.log:9026:       ⚠️ TDD Red Phase FAILED: Test passes immediately. Rejecting vacuous test.
overnight/drun_continuous.log:9308:       ⚠️ TDD Red Phase FAILED: Test passes immediately. Rejecting vacuous test.
overnight/drun_continuous.log:11196:       ⚠️ TDD Red Phase FAILED: Test passes immediately. Rejecting vacuous test.
overnight/drun_continuous.log:12575:       ⚠️ TDD Red Phase FAILED: Test passes immediately. Rejecting vacuous test.
overnight/drun_continuous.log:12618:       ⚠️ TDD Red Phase FAILED: Test passes immediately. Rejecting vacuous test.
overnight/drun_continuous.log:12654:       ⚠️ TDD Red Phase FAILED: Test passes immediately. Rejecting vacuous test.
overnight/drun_continuous.log:12810:       ⚠️ TDD Red Phase FAILED: Test passes immediately. Rejecting vacuous test.
overnight/drun_continuous.log:12845:       ⚠️ TDD Red Phase FAILED: Test passes immediately. Rejecting vacuous test.
overnight/drun_continuous.log:13115:       ⚠️ TDD Red Phase FAILED: Test passes immediately. Rejecting vacuous test.
overnight/drun_continuous.log:13505:       ⚠️ TDD Red Phase FAILED: Test passes immediately. Rejecting vacuous test.
overnight/drun_continuous.log:13796:       ⚠️ TDD Red Phase FAILED: Test passes immediately. Rejecting vacuous test.
overnight/drun_continuous.log:13883:       ⚠️ TDD Red Phase FAILED: Test passes immediately. Rejecting vacuous test.
overnight/drun_continuous.log:14126:       ⚠️ TDD Red Phase FAILED: Test passes immediately. Rejecting vacuous test.
overnight/drun_continuous.log:14635:       ⚠️ TDD Red Phase FAILED: Test passes immediately. Rejecting vacuous test.
overnight/drun_continuous.log:14950:       ⚠️ TDD Red Phase FAILED: Test passes immediately. Rejecting vacuous test.
overnight/drun_continuous.log:15146:       ⚠️ TDD Red Phase FAILED: Test passes immediately. Rejecting vacuous test.
overnight/drun_continuous.log:15182:       ⚠️ TDD Red Phase FAILED: Test passes immediately. Rejecting vacuous test.
overnight/drun_continuous.log:15217:       ⚠️ TDD Red Phase FAILED: Test passes immediately. Rejecting vacuous test.
overnight/drun_continuous.log:15228:       ⚠️ TDD Red Phase FAILED: Test passes immediately. Rejecting vacuous test.
overnight/drun_continuous.log:15239:       ⚠️ TDD Red Phase FAILED: Test passes immediately. Rejecting vacuous test.
overnight/drun_continuous.log:15346:       ⚠️ TDD Red Phase FAILED: Test passes immediately. Rejecting vacuous test.
overnight/drun_continuous.log:15357:       ⚠️ TDD Red Phase FAILED: Test passes immediately. Rejecting vacuous test.
overnight/drun_continuous.log:15421:       ⚠️ TDD Red Phase FAILED: Test passes immediately. Rejecting vacuous test.
overnight/drun_continuous.log:15494:       ⚠️ TDD Red Phase FAILED: Test passes immediately. Rejecting vacuous test.
overnight/drun_continuous.log:15515:       ⚠️ TDD Red Phase FAILED: Test passes immediately. Rejecting vacuous test.
overnight/drun_continuous.log:15551:       ⚠️ TDD Red Phase FAILED: Test passes immediately. Rejecting vacuous test.
overnight/self_improver.py.bak.stab:587:                print(f"       ⚠️ TDD Red Phase FAILED: Test passes immediately. Rejecting vacuous test.")
grep: overnight/__pycache__/self_improver.cpython-314.pyc: binary file matches
=== LOCK LOGIC ===
overnight/reviews/MASTER_DOCUMENTATION_BUNDLE_TEST_v3.md:686:        print(f"    🔒 OpenRouter locked/exhausted ({openrouter_quota.remaining()} left) — skipping")
overnight/llm_client.py:186:        print(f"    🔒 OpenRouter locked/exhausted ({openrouter_quota.remaining()} left) — skipping")
overnight/drun_continuous.log:11:    🔒 OpenRouter locked/exhausted (0 left) — skipping
overnight/drun_continuous.log:18:    🔒 OpenRouter locked/exhausted (0 left) — skipping
overnight/drun_continuous.log:27:    🔒 OpenRouter locked/exhausted (0 left) — skipping
overnight/drun_continuous.log:35:    🔒 OpenRouter locked/exhausted (0 left) — skipping
overnight/drun_continuous.log:44:    🔒 OpenRouter locked/exhausted (0 left) — skipping
overnight/drun_continuous.log:52:    🔒 OpenRouter locked/exhausted (0 left) — skipping
overnight/drun_continuous.log:59:    🔒 OpenRouter locked/exhausted (0 left) — skipping
overnight/drun_continuous.log:68:    🔒 OpenRouter locked/exhausted (0 left) — skipping
overnight/drun_continuous.log:74:    🔒 OpenRouter locked/exhausted (0 left) — skipping
overnight/drun_continuous.log:81:    🔒 OpenRouter locked/exhausted (0 left) — skipping
overnight/drun_continuous.log:87:    🔒 OpenRouter locked/exhausted (0 left) — skipping
overnight/drun_continuous.log:94:    🔒 OpenRouter locked/exhausted (0 left) — skipping
overnight/drun_continuous.log:100:    🔒 OpenRouter locked/exhausted (0 left) — skipping
overnight/drun_continuous.log:108:    🔒 OpenRouter locked/exhausted (0 left) — skipping
overnight/drun_continuous.log:114:    🔒 OpenRouter locked/exhausted (0 left) — skipping
overnight/drun_continuous.log:121:    🔒 OpenRouter locked/exhausted (0 left) — skipping
overnight/drun_continuous.log:127:    🔒 OpenRouter locked/exhausted (0 left) — skipping
overnight/drun_continuous.log:134:    🔒 OpenRouter locked/exhausted (0 left) — skipping
overnight/drun_continuous.log:140:    🔒 OpenRouter locked/exhausted (0 left) — skipping
overnight/drun_continuous.log:149:    🔒 OpenRouter locked/exhausted (0 left) — skipping
overnight/drun_continuous.log:156:    🔒 OpenRouter locked/exhausted (0 left) — skipping
overnight/drun_continuous.log:160:    🔒 OpenRouter locked/exhausted (0 left) — skipping
overnight/drun_continuous.log:166:    🔒 OpenRouter locked/exhausted (0 left) — skipping
overnight/drun_continuous.log:172:    🔒 OpenRouter locked/exhausted (0 left) — skipping
overnight/drun_continuous.log:180:    🔒 OpenRouter locked/exhausted (0 left) — skipping
overnight/drun_continuous.log:187:    🔒 OpenRouter locked/exhausted (0 left) — skipping
overnight/drun_continuous.log:192:    🔒 OpenRouter locked/exhausted (0 left) — skipping
overnight/drun_continuous.log:199:    🔒 OpenRouter locked/exhausted (0 left) — skipping
overnight/drun_continuous.log:207:    🔒 OpenRouter locked/exhausted (0 left) — skipping
overnight/drun_continuous.log:213:    🔒 OpenRouter locked/exhausted (0 left) — skipping
overnight/drun_continuous.log:221:    🔒 OpenRouter locked/exhausted (0 left) — skipping
overnight/drun_continuous.log:227:    🔒 OpenRouter locked/exhausted (0 left) — skipping
overnight/drun_continuous.log:231:    🔒 OpenRouter locked/exhausted (0 left) — skipping
overnight/drun_continuous.log:239:    🔒 OpenRouter locked/exhausted (0 left) — skipping
overnight/drun_continuous.log:246:    🔒 OpenRouter locked/exhausted (0 left) — skipping
overnight/drun_continuous.log:253:    🔒 OpenRouter locked/exhausted (0 left) — skipping
overnight/drun_continuous.log:260:    🔒 OpenRouter locked/exhausted (0 left) — skipping
overnight/drun_continuous.log:265:    🔒 OpenRouter locked/exhausted (0 left) — skipping
overnight/drun_continuous.log:272:    🔒 OpenRouter locked/exhausted (0 left) — skipping
overnight/drun_continuous.log:280:    🔒 OpenRouter locked/exhausted (0 left) — skipping
overnight/drun_continuous.log:287:    🔒 OpenRouter locked/exhausted (0 left) — skipping
overnight/drun_continuous.log:294:    🔒 OpenRouter locked/exhausted (0 left) — skipping
overnight/drun_continuous.log:299:    🔒 OpenRouter locked/exhausted (0 left) — skipping
overnight/drun_continuous.log:306:    🔒 OpenRouter locked/exhausted (0 left) — skipping
overnight/drun_continuous.log:311:    🔒 OpenRouter locked/exhausted (0 left) — skipping
overnight/drun_continuous.log:315:    🔒 OpenRouter locked/exhausted (0 left) — skipping
overnight/drun_continuous.log:323:    🔒 OpenRouter locked/exhausted (0 left) — skipping
overnight/drun_continuous.log:330:    🔒 OpenRouter locked/exhausted (0 left) — skipping
overnight/drun_continuous.log:335:    🔒 OpenRouter locked/exhausted (0 left) — skipping
overnight/drun_continuous.log:343:    🔒 OpenRouter locked/exhausted (0 left) — skipping
overnight/drun_continuous.log:350:    🔒 OpenRouter locked/exhausted (0 left) — skipping
overnight/drun_continuous.log:357:    🔒 OpenRouter locked/exhausted (0 left) — skipping
overnight/drun_continuous.log:364:    🔒 OpenRouter locked/exhausted (0 left) — skipping
overnight/drun_continuous.log:369:    🔒 OpenRouter locked/exhausted (0 left) — skipping
overnight/drun_continuous.log:376:    🔒 OpenRouter locked/exhausted (0 left) — skipping
overnight/drun_continuous.log:384:    🔒 OpenRouter locked/exhausted (0 left) — skipping
overnight/drun_continuous.log:391:    🔒 OpenRouter locked/exhausted (0 left) — skipping
overnight/drun_continuous.log:398:    🔒 OpenRouter locked/exhausted (0 left) — skipping
overnight/drun_continuous.log:403:    🔒 OpenRouter locked/exhausted (0 left) — skipping
overnight/drun_continuous.log:410:    🔒 OpenRouter locked/exhausted (0 left) — skipping
overnight/drun_continuous.log:418:    🔒 OpenRouter locked/exhausted (0 left) — skipping
overnight/drun_continuous.log:425:    🔒 OpenRouter locked/exhausted (0 left) — skipping
overnight/drun_continuous.log:432:    🔒 OpenRouter locked/exhausted (0 left) — skipping
overnight/drun_continuous.log:439:    🔒 OpenRouter locked/exhausted (0 left) — skipping
overnight/drun_continuous.log:443:    🔒 OpenRouter locked/exhausted (0 left) — skipping
overnight/drun_continuous.log:450:    🔒 OpenRouter locked/exhausted (0 left) — skipping
overnight/drun_continuous.log:458:    🔒 OpenRouter locked/exhausted (0 left) — skipping
overnight/drun_continuous.log:465:    🔒 OpenRouter locked/exhausted (0 left) — skipping
overnight/drun_continuous.log:472:    🔒 OpenRouter locked/exhausted (0 left) — skipping
overnight/drun_continuous.log:477:    🔒 OpenRouter locked/exhausted (0 left) — skipping
overnight/drun_continuous.log:484:    🔒 OpenRouter locked/exhausted (0 left) — skipping
overnight/drun_continuous.log:492:    🔒 OpenRouter locked/exhausted (0 left) — skipping
overnight/drun_continuous.log:499:    🔒 OpenRouter locked/exhausted (0 left) — skipping
overnight/drun_continuous.log:506:    🔒 OpenRouter locked/exhausted (0 left) — skipping
overnight/drun_continuous.log:511:    🔒 OpenRouter locked/exhausted (0 left) — skipping
overnight/drun_continuous.log:518:    🔒 OpenRouter locked/exhausted (0 left) — skipping
overnight/drun_continuous.log:524:    🔒 OpenRouter locked/exhausted (0 left) — skipping
overnight/drun_continuous.log:530:    🔒 OpenRouter locked/exhausted (0 left) — skipping
overnight/drun_continuous.log:538:    🔒 OpenRouter locked/exhausted (0 left) — skipping
overnight/drun_continuous.log:544:    🔒 OpenRouter locked/exhausted (0 left) — skipping
overnight/drun_continuous.log:552:    🔒 OpenRouter locked/exhausted (0 left) — skipping
overnight/drun_continuous.log:559:    🔒 OpenRouter locked/exhausted (0 left) — skipping
overnight/drun_continuous.log:566:    🔒 OpenRouter locked/exhausted (0 left) — skipping
overnight/drun_continuous.log:582:    🔒 OpenRouter locked/exhausted (0 left) — skipping
overnight/drun_continuous.log:587:    🔒 OpenRouter locked/exhausted (0 left) — skipping
overnight/drun_continuous.log:595:    🔒 OpenRouter locked/exhausted (0 left) — skipping
overnight/drun_continuous.log:602:    🔒 OpenRouter locked/exhausted (0 left) — skipping
overnight/drun_continuous.log:609:    🔒 OpenRouter locked/exhausted (0 left) — skipping
overnight/drun_continuous.log:617:    🔒 OpenRouter locked/exhausted (0 left) — skipping
overnight/drun_continuous.log:622:    🔒 OpenRouter locked/exhausted (0 left) — skipping
overnight/drun_continuous.log:629:    🔒 OpenRouter locked/exhausted (0 left) — skipping
overnight/drun_continuous.log:637:    🔒 OpenRouter locked/exhausted (0 left) — skipping
overnight/drun_continuous.log:644:    🔒 OpenRouter locked/exhausted (0 left) — skipping
overnight/drun_continuous.log:651:    🔒 OpenRouter locked/exhausted (0 left) — skipping
overnight/drun_continuous.log:658:    🔒 OpenRouter locked/exhausted (0 left) — skipping
overnight/drun_continuous.log:662:    🔒 OpenRouter locked/exhausted (0 left) — skipping
overnight/drun_continuous.log:669:    🔒 OpenRouter locked/exhausted (0 left) — skipping
overnight/drun_continuous.log:677:    🔒 OpenRouter locked/exhausted (0 left) — skipping
overnight/drun_continuous.log:684:    🔒 OpenRouter locked/exhausted (0 left) — skipping
overnight/drun_continuous.log:691:    🔒 OpenRouter locked/exhausted (0 left) — skipping
overnight/drun_continuous.log:696:    🔒 OpenRouter locked/exhausted (0 left) — skipping
overnight/drun_continuous.log:703:    🔒 OpenRouter locked/exhausted (0 left) — skipping
overnight/drun_continuous.log:711:    🔒 OpenRouter locked/exhausted (0 left) — skipping
overnight/drun_continuous.log:718:    🔒 OpenRouter locked/exhausted (0 left) — skipping
overnight/drun_continuous.log:725:    🔒 OpenRouter locked/exhausted (0 left) — skipping
overnight/drun_continuous.log:730:    🔒 OpenRouter locked/exhausted (0 left) — skipping
overnight/drun_continuous.log:737:    🔒 OpenRouter locked/exhausted (0 left) — skipping
overnight/drun_continuous.log:743:    🔒 OpenRouter locked/exhausted (0 left) — skipping
overnight/drun_continuous.log:749:    🔒 OpenRouter locked/exhausted (0 left) — skipping
overnight/drun_continuous.log:757:    🔒 OpenRouter locked/exhausted (0 left) — skipping
overnight/drun_continuous.log:764:    🔒 OpenRouter locked/exhausted (0 left) — skipping
overnight/drun_continuous.log:768:    🔒 OpenRouter locked/exhausted (0 left) — skipping
overnight/drun_continuous.log:775:    🔒 OpenRouter locked/exhausted (0 left) — skipping
overnight/drun_continuous.log:783:    🔒 OpenRouter locked/exhausted (0 left) — skipping
overnight/drun_continuous.log:790:    🔒 OpenRouter locked/exhausted (0 left) — skipping
overnight/drun_continuous.log:797:    🔒 OpenRouter locked/exhausted (0 left) — skipping
overnight/drun_continuous.log:804:    🔒 OpenRouter locked/exhausted (0 left) — skipping
overnight/drun_continuous.log:808:    🔒 OpenRouter locked/exhausted (0 left) — skipping
overnight/drun_continuous.log:816:    🔒 OpenRouter locked/exhausted (0 left) — skipping
overnight/drun_continuous.log:823:    🔒 OpenRouter locked/exhausted (0 left) — skipping
overnight/drun_continuous.log:830:    🔒 OpenRouter locked/exhausted (0 left) — skipping
overnight/drun_continuous.log:837:    🔒 OpenRouter locked/exhausted (0 left) — skipping
overnight/drun_continuous.log:842:    🔒 OpenRouter locked/exhausted (0 left) — skipping
overnight/drun_continuous.log:849:    🔒 OpenRouter locked/exhausted (0 left) — skipping
overnight/drun_continuous.log:857:    🔒 OpenRouter locked/exhausted (0 left) — skipping
overnight/drun_continuous.log:864:    🔒 OpenRouter locked/exhausted (0 left) — skipping
overnight/drun_continuous.log:879:    🔒 OpenRouter locked/exhausted (0 left) — skipping
overnight/drun_continuous.log:884:    🔒 OpenRouter locked/exhausted (0 left) — skipping
overnight/drun_continuous.log:891:    🔒 OpenRouter locked/exhausted (0 left) — skipping
overnight/drun_continuous.log:897:    🔒 OpenRouter locked/exhausted (0 left) — skipping
overnight/drun_continuous.log:905:    🔒 OpenRouter locked/exhausted (0 left) — skipping
overnight/drun_continuous.log:911:    🔒 OpenRouter locked/exhausted (0 left) — skipping
overnight/drun_continuous.log:919:    🔒 OpenRouter locked/exhausted (0 left) — skipping
overnight/drun_continuous.log:926:    🔒 OpenRouter locked/exhausted (0 left) — skipping
overnight/drun_continuous.log:933:    🔒 OpenRouter locked/exhausted (0 left) — skipping
overnight/drun_continuous.log:940:    🔒 OpenRouter locked/exhausted (0 left) — skipping
overnight/drun_continuous.log:945:    🔒 OpenRouter locked/exhausted (0 left) — skipping
overnight/drun_continuous.log:952:    🔒 OpenRouter locked/exhausted (0 left) — skipping
overnight/drun_continuous.log:959:    🔒 OpenRouter locked/exhausted (0 left) — skipping
overnight/drun_continuous.log:966:    🔒 OpenRouter locked/exhausted (0 left) — skipping
overnight/drun_continuous.log:973:    🔒 OpenRouter locked/exhausted (0 left) — skipping
overnight/drun_continuous.log:978:    🔒 OpenRouter locked/exhausted (0 left) — skipping
overnight/drun_continuous.log:985:    🔒 OpenRouter locked/exhausted (0 left) — skipping
overnight/drun_continuous.log:992:    🔒 OpenRouter locked/exhausted (0 left) — skipping
overnight/drun_continuous.log:999:    🔒 OpenRouter locked/exhausted (0 left) — skipping
overnight/drun_continuous.log:1006:    🔒 OpenRouter locked/exhausted (0 left) — skipping
overnight/drun_continuous.log:1013:    🔒 OpenRouter locked/exhausted (0 left) — skipping
overnight/drun_continuous.log:1018:    🔒 OpenRouter locked/exhausted (0 left) — skipping
overnight/drun_continuous.log:1025:    🔒 OpenRouter locked/exhausted (0 left) — skipping
overnight/drun_continuous.log:1032:    🔒 OpenRouter locked/exhausted (0 left) — skipping
overnight/drun_continuous.log:1039:    🔒 OpenRouter locked/exhausted (0 left) — skipping
overnight/drun_continuous.log:1045:    🔒 OpenRouter locked/exhausted (0 left) — skipping
overnight/drun_continuous.log:1050:    🔒 OpenRouter locked/exhausted (0 left) — skipping
overnight/drun_continuous.log:1057:    🔒 OpenRouter locked/exhausted (0 left) — skipping
overnight/drun_continuous.log:1065:    🔒 OpenRouter locked/exhausted (0 left) — skipping
overnight/drun_continuous.log:1072:    🔒 OpenRouter locked/exhausted (0 left) — skipping
overnight/drun_continuous.log:1079:    🔒 OpenRouter locked/exhausted (0 left) — skipping
overnight/drun_continuous.log:1084:    🔒 OpenRouter locked/exhausted (0 left) — skipping
overnight/drun_continuous.log:1091:    🔒 OpenRouter locked/exhausted (0 left) — skipping
overnight/drun_continuous.log:1099:    🔒 OpenRouter locked/exhausted (0 left) — skipping
overnight/drun_continuous.log:1106:    🔒 OpenRouter locked/exhausted (0 left) — skipping
overnight/drun_continuous.log:1112:    🔒 OpenRouter locked/exhausted (0 left) — skipping
overnight/drun_continuous.log:1119:    🔒 OpenRouter locked/exhausted (0 left) — skipping
overnight/drun_continuous.log:1123:    🔒 OpenRouter locked/exhausted (0 left) — skipping
overnight/drun_continuous.log:1130:    🔒 OpenRouter locked/exhausted (0 left) — skipping
overnight/drun_continuous.log:1138:    🔒 OpenRouter locked/exhausted (0 left) — skipping
overnight/drun_continuous.log:1145:    🔒 OpenRouter locked/exhausted (0 left) — skipping
overnight/drun_continuous.log:1167:    🔒 OpenRouter locked/exhausted (0 left) — skipping
overnight/drun_continuous.log:1172:    🔒 OpenRouter locked/exhausted (0 left) — skipping
overnight/drun_continuous.log:1179:    🔒 OpenRouter locked/exhausted (0 left) — skipping
overnight/drun_continuous.log:1185:    🔒 OpenRouter locked/exhausted (0 left) — skipping
overnight/drun_continuous.log:1193:    🔒 OpenRouter locked/exhausted (0 left) — skipping
overnight/drun_continuous.log:1199:    🔒 OpenRouter locked/exhausted (0 left) — skipping
overnight/drun_continuous.log:1206:    🔒 OpenRouter locked/exhausted (0 left) — skipping
overnight/drun_continuous.log:1214:    🔒 OpenRouter locked/exhausted (0 left) — skipping
overnight/drun_continuous.log:1221:    🔒 OpenRouter locked/exhausted (0 left) — skipping
overnight/drun_continuous.log:1231:    🔒 OpenRouter locked/exhausted (0 left) — skipping
overnight/drun_continuous.log:1236:    🔒 OpenRouter locked/exhausted (0 left) — skipping
overnight/drun_continuous.log:1243:    🔒 OpenRouter locked/exhausted (0 left) — skipping
overnight/drun_continuous.log:1251:    🔒 OpenRouter locked/exhausted (0 left) — skipping
overnight/drun_continuous.log:1258:    🔒 OpenRouter locked/exhausted (0 left) — skipping
overnight/drun_continuous.log:1264:    🔒 OpenRouter locked/exhausted (0 left) — skipping
overnight/drun_continuous.log:1269:    🔒 OpenRouter locked/exhausted (0 left) — skipping
overnight/drun_continuous.log:1276:    🔒 OpenRouter locked/exhausted (0 left) — skipping
overnight/drun_continuous.log:1282:    🔒 OpenRouter locked/exhausted (0 left) — skipping
overnight/drun_continuous.log:1336:    🔒 OpenRouter locked/exhausted (0 left) — skipping
overnight/drun_continuous.log:1344:    🔒 OpenRouter locked/exhausted (0 left) — skipping
overnight/drun_continuous.log:1351:    🔒 OpenRouter locked/exhausted (0 left) — skipping
overnight/drun_continuous.log:1357:    🔒 OpenRouter locked/exhausted (0 left) — skipping
overnight/drun_continuous.log:1364:    🔒 OpenRouter locked/exhausted (0 left) — skipping
overnight/drun_continuous.log:1370:    🔒 OpenRouter locked/exhausted (0 left) — skipping
overnight/drun_continuous.log:1377:    🔒 OpenRouter locked/exhausted (0 left) — skipping
overnight/drun_continuous.log:1383:    🔒 OpenRouter locked/exhausted (0 left) — skipping
overnight/drun_continuous.log:1390:    🔒 OpenRouter locked/exhausted (0 left) — skipping
overnight/drun_continuous.log:1396:    🔒 OpenRouter locked/exhausted (0 left) — skipping
overnight/drun_continuous.log:1401:    🔒 OpenRouter locked/exhausted (0 left) — skipping
overnight/drun_continuous.log:1407:    🔒 OpenRouter locked/exhausted (0 left) — skipping
overnight/drun_continuous.log:1414:    🔒 OpenRouter locked/exhausted (0 left) — skipping
overnight/drun_continuous.log:1421:    🔒 OpenRouter locked/exhausted (0 left) — skipping
overnight/drun_continuous.log:1425:    🔒 OpenRouter locked/exhausted (0 left) — skipping
overnight/drun_continuous.log:1431:    🔒 OpenRouter locked/exhausted (0 left) — skipping
overnight/drun_continuous.log:1438:    🔒 OpenRouter locked/exhausted (0 left) — skipping
overnight/drun_continuous.log:1444:    🔒 OpenRouter locked/exhausted (0 left) — skipping
overnight/drun_continuous.log:1451:    🔒 OpenRouter locked/exhausted (0 left) — skipping
overnight/drun_continuous.log:1458:    🔒 OpenRouter locked/exhausted (0 left) — skipping
overnight/drun_continuous.log:1468:    🔒 OpenRouter locked/exhausted (0 left) — skipping
overnight/drun_continuous.log:1473:    🔒 OpenRouter locked/exhausted (0 left) — skipping
overnight/drun_continuous.log:1481:    🔒 OpenRouter locked/exhausted (0 left) — skipping
overnight/drun_continuous.log:1488:    🔒 OpenRouter locked/exhausted (0 left) — skipping
overnight/drun_continuous.log:1495:    🔒 OpenRouter locked/exhausted (0 left) — skipping
overnight/drun_continuous.log:1502:    🔒 OpenRouter locked/exhausted (0 left) — skipping
overnight/drun_continuous.log:1507:    🔒 OpenRouter locked/exhausted (0 left) — skipping
overnight/drun_continuous.log:1514:    🔒 OpenRouter locked/exhausted (0 left) — skipping
overnight/drun_continuous.log:1522:    🔒 OpenRouter locked/exhausted (0 left) — skipping
overnight/drun_continuous.log:1529:    🔒 OpenRouter locked/exhausted (0 left) — skipping
overnight/drun_continuous.log:1535:    🔒 OpenRouter locked/exhausted (0 left) — skipping
overnight/drun_continuous.log:1540:    🔒 OpenRouter locked/exhausted (0 left) — skipping
overnight/drun_continuous.log:1547:    🔒 OpenRouter locked/exhausted (0 left) — skipping
overnight/drun_continuous.log:1553:    🔒 OpenRouter locked/exhausted (0 left) — skipping
overnight/drun_continuous.log:1607:    🔒 OpenRouter locked/exhausted (0 left) — skipping
overnight/drun_continuous.log:1615:    🔒 OpenRouter locked/exhausted (0 left) — skipping
overnight/drun_continuous.log:1622:    🔒 OpenRouter locked/exhausted (0 left) — skipping
overnight/drun_continuous.log:1628:    🔒 OpenRouter locked/exhausted (0 left) — skipping
overnight/drun_continuous.log:1635:    🔒 OpenRouter locked/exhausted (0 left) — skipping
overnight/drun_continuous.log:1641:    🔒 OpenRouter locked/exhausted (0 left) — skipping
overnight/drun_continuous.log:1648:    🔒 OpenRouter locked/exhausted (0 left) — skipping
overnight/drun_continuous.log:1654:    🔒 OpenRouter locked/exhausted (0 left) — skipping
overnight/drun_continuous.log:1661:    🔒 OpenRouter locked/exhausted (0 left) — skipping
overnight/drun_continuous.log:1667:    🔒 OpenRouter locked/exhausted (0 left) — skipping
overnight/drun_continuous.log:1671:    🔒 OpenRouter locked/exhausted (0 left) — skipping
overnight/drun_continuous.log:1678:    🔒 OpenRouter locked/exhausted (0 left) — skipping
overnight/drun_continuous.log:1683:    🔒 OpenRouter locked/exhausted (0 left) — skipping
overnight/drun_continuous.log:1689:    🔒 OpenRouter locked/exhausted (0 left) — skipping
overnight/drun_continuous.log:1696:    🔒 OpenRouter locked/exhausted (0 left) — skipping
overnight/drun_continuous.log:1703:    🔒 OpenRouter locked/exhausted (0 left) — skipping
overnight/drun_continuous.log:1709:    🔒 OpenRouter locked/exhausted (0 left) — skipping
overnight/drun_continuous.log:1717:    🔒 OpenRouter locked/exhausted (0 left) — skipping
overnight/drun_continuous.log:1723:    🔒 OpenRouter locked/exhausted (0 left) — skipping
overnight/drun_continuous.log:1730:    🔒 OpenRouter locked/exhausted (0 left) — skipping
overnight/drun_continuous.log:1742:    🔒 OpenRouter locked/exhausted (0 left) — skipping
overnight/drun_continuous.log:1748:    🔒 OpenRouter locked/exhausted (0 left) — skipping
overnight/drun_continuous.log:1752:    🔒 OpenRouter locked/exhausted (0 left) — skipping
overnight/drun_continuous.log:1760:    🔒 OpenRouter locked/exhausted (0 left) — skipping
overnight/drun_continuous.log:1767:    🔒 OpenRouter locked/exhausted (0 left) — skipping
overnight/drun_continuous.log:1774:    🔒 OpenRouter locked/exhausted (0 left) — skipping
overnight/drun_continuous.log:1781:    🔒 OpenRouter locked/exhausted (0 left) — skipping
overnight/drun_continuous.log:1786:    🔒 OpenRouter locked/exhausted (0 left) — skipping
overnight/drun_continuous.log:1793:    🔒 OpenRouter locked/exhausted (0 left) — skipping
overnight/drun_continuous.log:1801:    🔒 OpenRouter locked/exhausted (0 left) — skipping
overnight/drun_continuous.log:1807:    🔒 OpenRouter locked/exhausted (0 left) — skipping
overnight/drun_continuous.log:1815:    🔒 OpenRouter locked/exhausted (0 left) — skipping
overnight/drun_continuous.log:1821:    🔒 OpenRouter locked/exhausted (0 left) — skipping
overnight/drun_continuous.log:1825:    🔒 OpenRouter locked/exhausted (0 left) — skipping
overnight/drun_continuous.log:1832:    🔒 OpenRouter locked/exhausted (0 left) — skipping
overnight/drun_continuous.log:1838:    🔒 OpenRouter locked/exhausted (0 left) — skipping
overnight/drun_continuous.log:1892:    🔒 OpenRouter locked/exhausted (0 left) — skipping
overnight/drun_continuous.log:1900:    🔒 OpenRouter locked/exhausted (0 left) — skipping
overnight/drun_continuous.log:1907:    🔒 OpenRouter locked/exhausted (0 left) — skipping
overnight/drun_continuous.log:1913:    🔒 OpenRouter locked/exhausted (0 left) — skipping
overnight/drun_continuous.log:1920:    🔒 OpenRouter locked/exhausted (0 left) — skipping
overnight/drun_continuous.log:1926:    🔒 OpenRouter locked/exhausted (0 left) — skipping
overnight/drun_continuous.log:1933:    🔒 OpenRouter locked/exhausted (0 left) — skipping
overnight/drun_continuous.log:1939:    🔒 OpenRouter locked/exhausted (0 left) — skipping
overnight/drun_continuous.log:1943:    🔒 OpenRouter locked/exhausted (0 left) — skipping
overnight/drun_continuous.log:1950:    🔒 OpenRouter locked/exhausted (0 left) — skipping
overnight/drun_continuous.log:1957:    🔒 OpenRouter locked/exhausted (0 left) — skipping
overnight/drun_continuous.log:1964:    🔒 OpenRouter locked/exhausted (0 left) — skipping
overnight/drun_continuous.log:1970:    🔒 OpenRouter locked/exhausted (0 left) — skipping
overnight/drun_continuous.log:1977:    🔒 OpenRouter locked/exhausted (0 left) — skipping
overnight/drun_continuous.log:1982:    🔒 OpenRouter locked/exhausted (0 left) — skipping
overnight/drun_continuous.log:1988:    🔒 OpenRouter locked/exhausted (0 left) — skipping
overnight/drun_continuous.log:1995:    🔒 OpenRouter locked/exhausted (0 left) — skipping
overnight/drun_continuous.log:2002:    🔒 OpenRouter locked/exhausted (0 left) — skipping
overnight/drun_continuous.log:2008:    🔒 OpenRouter locked/exhausted (0 left) — skipping
overnight/drun_continuous.log:2015:    🔒 OpenRouter locked/exhausted (0 left) — skipping
overnight/drun_continuous.log:2027:    🔒 OpenRouter locked/exhausted (0 left) — skipping
overnight/drun_continuous.log:2033:    🔒 OpenRouter locked/exhausted (0 left) — skipping
overnight/drun_continuous.log:2037:    🔒 OpenRouter locked/exhausted (0 left) — skipping
overnight/drun_continuous.log:2043:    🔒 OpenRouter locked/exhausted (0 left) — skipping
overnight/drun_continuous.log:2050:    🔒 OpenRouter locked/exhausted (0 left) — skipping
overnight/drun_continuous.log:2058:    🔒 OpenRouter locked/exhausted (0 left) — skipping
overnight/drun_continuous.log:2065:    🔒 OpenRouter locked/exhausted (0 left) — skipping
overnight/drun_continuous.log:2069:    🔒 OpenRouter locked/exhausted (0 left) — skipping
overnight/drun_continuous.log:2076:    🔒 OpenRouter locked/exhausted (0 left) — skipping
overnight/drun_continuous.log:2084:    🔒 OpenRouter locked/exhausted (0 left) — skipping
overnight/drun_continuous.log:2091:    🔒 OpenRouter locked/exhausted (0 left) — skipping
overnight/drun_continuous.log:2098:    🔒 OpenRouter locked/exhausted (0 left) — skipping
overnight/drun_continuous.log:2103:    🔒 OpenRouter locked/exhausted (0 left) — skipping
overnight/drun_continuous.log:2110:    🔒 OpenRouter locked/exhausted (0 left) — skipping
overnight/drun_continuous.log:2115:    🔒 OpenRouter locked/exhausted (0 left) — skipping
overnight/drun_continuous.log:2122:    🔒 OpenRouter locked/exhausted (0 left) — skipping
overnight/drun_continuous.log:2176:    🔒 OpenRouter locked/exhausted (0 left) — skipping
overnight/drun_continuous.log:2184:    🔒 OpenRouter locked/exhausted (0 left) — skipping
overnight/drun_continuous.log:2190:    🔒 OpenRouter locked/exhausted (0 left) — skipping
overnight/drun_continuous.log:2197:    🔒 OpenRouter locked/exhausted (0 left) — skipping
overnight/drun_continuous.log:2204:    🔒 OpenRouter locked/exhausted (0 left) — skipping
overnight/drun_continuous.log:2210:    🔒 OpenRouter locked/exhausted (0 left) — skipping
overnight/drun_continuous.log:2217:    🔒 OpenRouter locked/exhausted (0 left) — skipping
overnight/drun_continuous.log:2223:    🔒 OpenRouter locked/exhausted (0 left) — skipping
overnight/drun_continuous.log:2230:    🔒 OpenRouter locked/exhausted (0 left) — skipping
overnight/drun_continuous.log:2236:    🔒 OpenRouter locked/exhausted (0 left) — skipping
overnight/drun_continuous.log:2243:    🔒 OpenRouter locked/exhausted (0 left) — skipping
overnight/drun_continuous.log:2250:    🔒 OpenRouter locked/exhausted (0 left) — skipping
overnight/drun_continuous.log:2257:    🔒 OpenRouter locked/exhausted (0 left) — skipping
overnight/drun_continuous.log:2263:    🔒 OpenRouter locked/exhausted (0 left) — skipping
overnight/drun_continuous.log:2267:    🔒 OpenRouter locked/exhausted (0 left) — skipping
overnight/drun_continuous.log:2274:    🔒 OpenRouter locked/exhausted (0 left) — skipping
overnight/drun_continuous.log:2279:    🔒 OpenRouter locked/exhausted (0 left) — skipping
overnight/drun_continuous.log:2285:    🔒 OpenRouter locked/exhausted (0 left) — skipping
overnight/drun_continuous.log:2292:    🔒 OpenRouter locked/exhausted (0 left) — skipping
overnight/drun_continuous.log:2299:    🔒 OpenRouter locked/exhausted (0 left) — skipping
overnight/drun_continuous.log:2310:    🔒 OpenRouter locked/exhausted (0 left) — skipping
overnight/drun_continuous.log:2317:    🔒 OpenRouter locked/exhausted (0 left) — skipping
overnight/drun_continuous.log:2322:    🔒 OpenRouter locked/exhausted (0 left) — skipping
overnight/drun_continuous.log:2329:    🔒 OpenRouter locked/exhausted (0 left) — skipping
overnight/drun_continuous.log:2337:    🔒 OpenRouter locked/exhausted (0 left) — skipping
overnight/drun_continuous.log:2343:    🔒 OpenRouter locked/exhausted (0 left) — skipping
overnight/drun_continuous.log:2351:    🔒 OpenRouter locked/exhausted (0 left) — skipping
overnight/drun_continuous.log:2357:    🔒 OpenRouter locked/exhausted (0 left) — skipping
overnight/drun_continuous.log:2361:    🔒 OpenRouter locked/exhausted (0 left) — skipping
overnight/drun_continuous.log:2368:    🔒 OpenRouter locked/exhausted (0 left) — skipping
overnight/drun_continuous.log:2374:    🔒 OpenRouter locked/exhausted (0 left) — skipping
overnight/drun_continuous.log:2428:    🔒 OpenRouter locked/exhausted (0 left) — skipping
overnight/drun_continuous.log:2436:    🔒 OpenRouter locked/exhausted (0 left) — skipping
overnight/drun_continuous.log:2443:    🔒 OpenRouter locked/exhausted (0 left) — skipping
overnight/drun_continuous.log:2449:    🔒 OpenRouter locked/exhausted (0 left) — skipping
overnight/drun_continuous.log:2456:    🔒 OpenRouter locked/exhausted (0 left) — skipping
overnight/drun_continuous.log:2462:    🔒 OpenRouter locked/exhausted (0 left) — skipping
overnight/drun_continuous.log:2469:    🔒 OpenRouter locked/exhausted (0 left) — skipping
overnight/drun_continuous.log:2475:    🔒 OpenRouter locked/exhausted (0 left) — skipping
overnight/drun_continuous.log:2479:    🔒 OpenRouter locked/exhausted (0 left) — skipping
overnight/drun_continuous.log:2486:    🔒 OpenRouter locked/exhausted (0 left) — skipping
overnight/drun_continuous.log:2493:    🔒 OpenRouter locked/exhausted (0 left) — skipping
overnight/drun_continuous.log:2500:    🔒 OpenRouter locked/exhausted (0 left) — skipping
overnight/drun_continuous.log:2506:    🔒 OpenRouter locked/exhausted (0 left) — skipping
overnight/drun_continuous.log:2513:    🔒 OpenRouter locked/exhausted (0 left) — skipping
overnight/drun_continuous.log:2518:    🔒 OpenRouter locked/exhausted (0 left) — skipping
overnight/drun_continuous.log:2524:    🔒 OpenRouter locked/exhausted (0 left) — skipping
overnight/drun_continuous.log:2531:    🔒 OpenRouter locked/exhausted (0 left) — skipping
overnight/drun_continuous.log:2538:    🔒 OpenRouter locked/exhausted (0 left) — skipping
overnight/drun_continuous.log:2544:    🔒 OpenRouter locked/exhausted (0 left) — skipping
overnight/drun_continuous.log:2551:    🔒 OpenRouter locked/exhausted (0 left) — skipping
overnight/drun_continuous.log:2606:    🔒 OpenRouter locked/exhausted (0 left) — skipping
overnight/drun_continuous.log:2614:    🔒 OpenRouter locked/exhausted (0 left) — skipping
overnight/drun_continuous.log:2618:    🔒 OpenRouter locked/exhausted (0 left) — skipping
overnight/drun_continuous.log:2625:    🔒 OpenRouter locked/exhausted (0 left) — skipping
overnight/drun_continuous.log:2632:    🔒 OpenRouter locked/exhausted (0 left) — skipping
overnight/drun_continuous.log:2639:    🔒 OpenRouter locked/exhausted (0 left) — skipping
overnight/drun_continuous.log:2645:    🔒 OpenRouter locked/exhausted (0 left) — skipping
overnight/drun_continuous.log:2652:    🔒 OpenRouter locked/exhausted (0 left) — skipping
overnight/drun_continuous.log:2659:    🔒 OpenRouter locked/exhausted (0 left) — skipping
overnight/drun_continuous.log:2665:    🔒 OpenRouter locked/exhausted (0 left) — skipping
overnight/drun_continuous.log:2670:    🔒 OpenRouter locked/exhausted (0 left) — skipping
overnight/drun_continuous.log:2676:    🔒 OpenRouter locked/exhausted (0 left) — skipping
overnight/drun_continuous.log:2683:    🔒 OpenRouter locked/exhausted (0 left) — skipping
overnight/drun_continuous.log:2690:    🔒 OpenRouter locked/exhausted (0 left) — skipping
overnight/drun_continuous.log:2696:    🔒 OpenRouter locked/exhausted (0 left) — skipping
overnight/drun_continuous.log:2703:    🔒 OpenRouter locked/exhausted (0 left) — skipping
overnight/drun_continuous.log:2710:    🔒 OpenRouter locked/exhausted (0 left) — skipping
overnight/drun_continuous.log:2716:    🔒 OpenRouter locked/exhausted (0 left) — skipping
overnight/drun_continuous.log:2723:    🔒 OpenRouter locked/exhausted (0 left) — skipping
overnight/drun_continuous.log:2729:    🔒 OpenRouter locked/exhausted (0 left) — skipping
overnight/drun_continuous.log:3695:    🔒 OpenRouter locked/exhausted (0 left) — skipping
overnight/drun_continuous.log:3701:    🔒 OpenRouter locked/exhausted (0 left) — skipping
overnight/drun_continuous.log:3707:    🔒 OpenRouter locked/exhausted (0 left) — skipping
overnight/drun_continuous.log:3711:    🔒 OpenRouter locked/exhausted (0 left) — skipping
overnight/drun_continuous.log:3715:    🔒 OpenRouter locked/exhausted (0 left) — skipping
overnight/drun_continuous.log:3719:    🔒 OpenRouter locked/exhausted (0 left) — skipping
overnight/drun_continuous.log:3724:    🔒 OpenRouter locked/exhausted (0 left) — skipping
overnight/drun_continuous.log:3730:    🔒 OpenRouter locked/exhausted (0 left) — skipping
overnight/drun_continuous.log:3734:    🔒 OpenRouter locked/exhausted (0 left) — skipping
overnight/drun_continuous.log:3738:    🔒 OpenRouter locked/exhausted (0 left) — skipping
overnight/drun_continuous.log:3742:    🔒 OpenRouter locked/exhausted (0 left) — skipping
overnight/drun_continuous.log:3747:    🔒 OpenRouter locked/exhausted (0 left) — skipping
overnight/drun_continuous.log:3753:    🔒 OpenRouter locked/exhausted (0 left) — skipping
overnight/drun_continuous.log:3757:    🔒 OpenRouter locked/exhausted (0 left) — skipping
overnight/drun_continuous.log:3761:    🔒 OpenRouter locked/exhausted (0 left) — skipping
overnight/drun_continuous.log:3772:    🔒 OpenRouter locked/exhausted (0 left) — skipping
overnight/drun_continuous.log:3777:    🔒 OpenRouter locked/exhausted (0 left) — skipping
overnight/drun_continuous.log:3783:    🔒 OpenRouter locked/exhausted (0 left) — skipping
overnight/drun_continuous.log:3787:    🔒 OpenRouter locked/exhausted (0 left) — skipping
overnight/drun_continuous.log:3791:    🔒 OpenRouter locked/exhausted (0 left) — skipping
overnight/drun_continuous.log:3795:    🔒 OpenRouter locked/exhausted (0 left) — skipping
overnight/drun_continuous.log:3800:    🔒 OpenRouter locked/exhausted (0 left) — skipping
overnight/drun_continuous.log:3806:    🔒 OpenRouter locked/exhausted (0 left) — skipping
overnight/drun_continuous.log:3810:    🔒 OpenRouter locked/exhausted (0 left) — skipping
overnight/drun_continuous.log:3814:    🔒 OpenRouter locked/exhausted (0 left) — skipping
overnight/drun_continuous.log:3818:    🔒 OpenRouter locked/exhausted (0 left) — skipping
overnight/drun_continuous.log:3823:    🔒 OpenRouter locked/exhausted (0 left) — skipping
overnight/drun_continuous.log:3829:    🔒 OpenRouter locked/exhausted (0 left) — skipping
overnight/drun_continuous.log:3833:    🔒 OpenRouter locked/exhausted (0 left) — skipping
overnight/drun_continuous.log:3837:    🔒 OpenRouter locked/exhausted (0 left) — skipping
overnight/drun_continuous.log:3849:    🔒 OpenRouter locked/exhausted (0 left) — skipping
overnight/drun_continuous.log:3854:    🔒 OpenRouter locked/exhausted (0 left) — skipping
overnight/drun_continuous.log:3860:    🔒 OpenRouter locked/exhausted (0 left) — skipping
overnight/drun_continuous.log:3864:    🔒 OpenRouter locked/exhausted (0 left) — skipping
overnight/drun_continuous.log:3868:    🔒 OpenRouter locked/exhausted (0 left) — skipping
overnight/drun_continuous.log:3872:    🔒 OpenRouter locked/exhausted (0 left) — skipping
overnight/drun_continuous.log:3877:    🔒 OpenRouter locked/exhausted (0 left) — skipping
overnight/drun_continuous.log:3883:    🔒 OpenRouter locked/exhausted (0 left) — skipping
overnight/drun_continuous.log:3887:    🔒 OpenRouter locked/exhausted (0 left) — skipping
overnight/drun_continuous.log:3891:    🔒 OpenRouter locked/exhausted (0 left) — skipping
overnight/drun_continuous.log:3895:    🔒 OpenRouter locked/exhausted (0 left) — skipping
overnight/drun_continuous.log:3900:    🔒 OpenRouter locked/exhausted (0 left) — skipping
overnight/drun_continuous.log:3906:    🔒 OpenRouter locked/exhausted (0 left) — skipping
overnight/drun_continuous.log:3910:    🔒 OpenRouter locked/exhausted (0 left) — skipping
overnight/drun_continuous.log:3914:    🔒 OpenRouter locked/exhausted (0 left) — skipping
overnight/drun_continuous.log:3918:    🔒 OpenRouter locked/exhausted (0 left) — skipping
overnight/drun_continuous.log:3923:    🔒 OpenRouter locked/exhausted (0 left) — skipping
overnight/drun_continuous.log:3929:    🔒 OpenRouter locked/exhausted (0 left) — skipping
overnight/drun_continuous.log:3933:    🔒 OpenRouter locked/exhausted (0 left) — skipping
overnight/drun_continuous.log:3937:    🔒 OpenRouter locked/exhausted (0 left) — skipping
overnight/drun_continuous.log:3941:    🔒 OpenRouter locked/exhausted (0 left) — skipping
overnight/drun_continuous.log:3946:    🔒 OpenRouter locked/exhausted (0 left) — skipping
overnight/drun_continuous.log:3952:    🔒 OpenRouter locked/exhausted (0 left) — skipping
overnight/drun_continuous.log:3956:    🔒 OpenRouter locked/exhausted (0 left) — skipping
overnight/drun_continuous.log:3960:    🔒 OpenRouter locked/exhausted (0 left) — skipping
overnight/drun_continuous.log:3964:    🔒 OpenRouter locked/exhausted (0 left) — skipping
overnight/drun_continuous.log:3969:    🔒 OpenRouter locked/exhausted (0 left) — skipping
overnight/drun_continuous.log:3975:    🔒 OpenRouter locked/exhausted (0 left) — skipping
overnight/drun_continuous.log:3981:    🔒 OpenRouter locked/exhausted (0 left) — skipping
overnight/drun_continuous.log:3985:    🔒 OpenRouter locked/exhausted (0 left) — skipping
overnight/drun_continuous.log:3991:    🔒 OpenRouter locked/exhausted (0 left) — skipping
overnight/drun_continuous.log:3996:    🔒 OpenRouter locked/exhausted (0 left) — skipping
overnight/drun_continuous.log:4002:    🔒 OpenRouter locked/exhausted (0 left) — skipping
overnight/drun_continuous.log:4006:    🔒 OpenRouter locked/exhausted (0 left) — skipping
overnight/drun_continuous.log:4010:    🔒 OpenRouter locked/exhausted (0 left) — skipping
overnight/drun_continuous.log:4015:    🔒 OpenRouter locked/exhausted (0 left) — skipping
overnight/drun_continuous.log:4021:    🔒 OpenRouter locked/exhausted (0 left) — skipping
overnight/drun_continuous.log:4025:    🔒 OpenRouter locked/exhausted (0 left) — skipping
overnight/drun_continuous.log:4029:    🔒 OpenRouter locked/exhausted (0 left) — skipping
overnight/drun_continuous.log:4033:    🔒 OpenRouter locked/exhausted (0 left) — skipping
overnight/drun_continuous.log:4038:    🔒 OpenRouter locked/exhausted (0 left) — skipping
overnight/drun_continuous.log:4044:    🔒 OpenRouter locked/exhausted (0 left) — skipping
overnight/drun_continuous.log:4048:    🔒 OpenRouter locked/exhausted (0 left) — skipping
overnight/drun_continuous.log:4052:    🔒 OpenRouter locked/exhausted (0 left) — skipping
overnight/drun_continuous.log:4059:    🔒 OpenRouter locked/exhausted (0 left) — skipping
overnight/drun_continuous.log:4064:    🔒 OpenRouter locked/exhausted (0 left) — skipping
overnight/drun_continuous.log:4070:    🔒 OpenRouter locked/exhausted (0 left) — skipping
overnight/drun_continuous.log:4077:    🔒 OpenRouter locked/exhausted (0 left) — skipping
overnight/drun_continuous.log:4080:    🔒 OpenRouter locked/exhausted (0 left) — skipping
overnight/drun_continuous.log:4087:    🔒 OpenRouter locked/exhausted (0 left) — skipping
overnight/drun_continuous.log:4091:    🔒 OpenRouter locked/exhausted (0 left) — skipping
overnight/drun_continuous.log:4093:    🔒 OpenRouter locked/exhausted (0 left) — skipping
overnight/drun_continuous.log:4099:    🔒 OpenRouter locked/exhausted (0 left) — skipping
overnight/drun_continuous.log:4106:    🔒 OpenRouter locked/exhausted (0 left) — skipping
overnight/drun_continuous.log:4109:    🔒 OpenRouter locked/exhausted (0 left) — skipping
overnight/drun_continuous.log:4116:    🔒 OpenRouter locked/exhausted (0 left) — skipping
overnight/drun_continuous.log:4124:    🔒 OpenRouter locked/exhausted (0 left) — skipping
overnight/drun_continuous.log:4130:    🔒 OpenRouter locked/exhausted (0 left) — skipping
overnight/drun_continuous.log:4137:    🔒 OpenRouter locked/exhausted (0 left) — skipping
overnight/drun_continuous.log:4145:    🔒 OpenRouter locked/exhausted (0 left) — skipping
overnight/drun_continuous.log:4152:    🔒 OpenRouter locked/exhausted (0 left) — skipping
overnight/drun_continuous.log:4159:    🔒 OpenRouter locked/exhausted (0 left) — skipping
overnight/drun_continuous.log:4164:    🔒 OpenRouter locked/exhausted (0 left) — skipping
overnight/drun_continuous.log:4171:    🔒 OpenRouter locked/exhausted (0 left) — skipping
overnight/drun_continuous.log:4177:    🔒 OpenRouter locked/exhausted (0 left) — skipping
overnight/drun_continuous.log:4183:    🔒 OpenRouter locked/exhausted (0 left) — skipping
overnight/drun_continuous.log:4191:    🔒 OpenRouter locked/exhausted (0 left) — skipping
overnight/drun_continuous.log:4198:    🔒 OpenRouter locked/exhausted (0 left) — skipping
overnight/drun_continuous.log:4202:    🔒 OpenRouter locked/exhausted (0 left) — skipping
overnight/drun_continuous.log:4209:    🔒 OpenRouter locked/exhausted (0 left) — skipping
overnight/drun_continuous.log:4217:    🔒 OpenRouter locked/exhausted (0 left) — skipping
overnight/drun_continuous.log:4224:    🔒 OpenRouter locked/exhausted (0 left) — skipping
overnight/drun_continuous.log:4231:    🔒 OpenRouter locked/exhausted (0 left) — skipping
overnight/drun_continuous.log:4236:    🔒 OpenRouter locked/exhausted (0 left) — skipping
overnight/drun_continuous.log:4243:    🔒 OpenRouter locked/exhausted (0 left) — skipping
overnight/drun_continuous.log:4251:    🔒 OpenRouter locked/exhausted (0 left) — skipping
overnight/drun_continuous.log:4258:    🔒 OpenRouter locked/exhausted (0 left) — skipping
overnight/drun_continuous.log:4319:    🔒 OpenRouter locked/exhausted (0 left) — skipping
overnight/drun_continuous.log:4327:    🔒 OpenRouter locked/exhausted (0 left) — skipping
overnight/drun_continuous.log:4334:    🔒 OpenRouter locked/exhausted (0 left) — skipping
overnight/drun_continuous.log:4340:    🔒 OpenRouter locked/exhausted (0 left) — skipping
overnight/drun_continuous.log:4347:    🔒 OpenRouter locked/exhausted (0 left) — skipping
overnight/drun_continuous.log:4353:    🔒 OpenRouter locked/exhausted (0 left) — skipping
overnight/drun_continuous.log:4358:    🔒 OpenRouter locked/exhausted (0 left) — skipping
overnight/drun_continuous.log:4364:    🔒 OpenRouter locked/exhausted (0 left) — skipping
overnight/drun_continuous.log:4371:    🔒 OpenRouter locked/exhausted (0 left) — skipping
overnight/drun_continuous.log:4378:    🔒 OpenRouter locked/exhausted (0 left) — skipping
overnight/drun_continuous.log:4382:    🔒 OpenRouter locked/exhausted (0 left) — skipping
overnight/drun_continuous.log:4388:    🔒 OpenRouter locked/exhausted (0 left) — skipping
overnight/drun_continuous.log:4395:    🔒 OpenRouter locked/exhausted (0 left) — skipping
overnight/drun_continuous.log:4401:    🔒 OpenRouter locked/exhausted (0 left) — skipping
overnight/drun_continuous.log:4408:    🔒 OpenRouter locked/exhausted (0 left) — skipping
overnight/drun_continuous.log:4415:    🔒 OpenRouter locked/exhausted (0 left) — skipping
overnight/drun_continuous.log:4421:    🔒 OpenRouter locked/exhausted (0 left) — skipping
overnight/drun_continuous.log:4428:    🔒 OpenRouter locked/exhausted (0 left) — skipping
overnight/drun_continuous.log:4435:    🔒 OpenRouter locked/exhausted (0 left) — skipping
overnight/drun_continuous.log:4442:    🔒 OpenRouter locked/exhausted (0 left) — skipping
overnight/drun_continuous.log:4454:    🔒 OpenRouter locked/exhausted (0 left) — skipping
overnight/drun_continuous.log:4460:    🔒 OpenRouter locked/exhausted (0 left) — skipping
overnight/drun_continuous.log:4464:    🔒 OpenRouter locked/exhausted (0 left) — skipping
overnight/drun_continuous.log:4471:    🔒 OpenRouter locked/exhausted (0 left) — skipping
overnight/drun_continuous.log:4477:    🔒 OpenRouter locked/exhausted (0 left) — skipping
overnight/drun_continuous.log:4485:    🔒 OpenRouter locked/exhausted (0 left) — skipping
overnight/drun_continuous.log:4491:    🔒 OpenRouter locked/exhausted (0 left) — skipping
overnight/drun_continuous.log:4498:    🔒 OpenRouter locked/exhausted (0 left) — skipping
overnight/drun_continuous.log:4506:    🔒 OpenRouter locked/exhausted (0 left) — skipping
overnight/drun_continuous.log:4513:    🔒 OpenRouter locked/exhausted (0 left) — skipping
overnight/drun_continuous.log:4520:    🔒 OpenRouter locked/exhausted (0 left) — skipping
overnight/drun_continuous.log:4526:    🔒 OpenRouter locked/exhausted (0 left) — skipping
overnight/drun_continuous.log:4533:    🔒 OpenRouter locked/exhausted (0 left) — skipping
overnight/drun_continuous.log:4541:    🔒 OpenRouter locked/exhausted (0 left) — skipping
overnight/drun_continuous.log:4548:    🔒 OpenRouter locked/exhausted (0 left) — skipping
overnight/drun_continuous.log:4555:    🔒 OpenRouter locked/exhausted (0 left) — skipping
overnight/drun_continuous.log:4562:    🔒 OpenRouter locked/exhausted (0 left) — skipping
overnight/drun_continuous.log:4566:    🔒 OpenRouter locked/exhausted (0 left) — skipping
overnight/drun_continuous.log:4574:    🔒 OpenRouter locked/exhausted (0 left) — skipping
overnight/drun_continuous.log:4581:    🔒 OpenRouter locked/exhausted (0 left) — skipping
overnight/drun_continuous.log:4588:    🔒 OpenRouter locked/exhausted (0 left) — skipping
overnight/drun_continuous.log:4595:    🔒 OpenRouter locked/exhausted (0 left) — skipping
overnight/drun_continuous.log:4600:    🔒 OpenRouter locked/exhausted (0 left) — skipping
overnight/drun_continuous.log:4607:    🔒 OpenRouter locked/exhausted (0 left) — skipping
overnight/drun_continuous.log:4613:    🔒 OpenRouter locked/exhausted (0 left) — skipping
overnight/drun_continuous.log:4619:    🔒 OpenRouter locked/exhausted (0 left) — skipping
overnight/drun_continuous.log:4627:    🔒 OpenRouter locked/exhausted (0 left) — skipping
overnight/drun_continuous.log:4633:    🔒 OpenRouter locked/exhausted (0 left) — skipping
overnight/drun_continuous.log:4640:    🔒 OpenRouter locked/exhausted (0 left) — skipping
overnight/drun_continuous.log:4648:    🔒 OpenRouter locked/exhausted (0 left) — skipping
overnight/drun_continuous.log:4655:    🔒 OpenRouter locked/exhausted (0 left) — skipping
overnight/drun_continuous.log:4662:    🔒 OpenRouter locked/exhausted (0 left) — skipping
overnight/drun_continuous.log:4667:    🔒 OpenRouter locked/exhausted (0 left) — skipping
overnight/drun_continuous.log:4674:    🔒 OpenRouter locked/exhausted (0 left) — skipping
overnight/drun_continuous.log:4679:    🔒 OpenRouter locked/exhausted (0 left) — skipping
overnight/drun_continuous.log:4686:    🔒 OpenRouter locked/exhausted (0 left) — skipping
overnight/drun_continuous.log:4740:    🔒 OpenRouter locked/exhausted (0 left) — skipping
overnight/drun_continuous.log:4748:    🔒 OpenRouter locked/exhausted (0 left) — skipping
overnight/drun_continuous.log:4754:    🔒 OpenRouter locked/exhausted (0 left) — skipping
overnight/drun_continuous.log:4761:    🔒 OpenRouter locked/exhausted (0 left) — skipping
overnight/drun_continuous.log:4768:    🔒 OpenRouter locked/exhausted (0 left) — skipping
overnight/drun_continuous.log:4774:    🔒 OpenRouter locked/exhausted (0 left) — skipping
overnight/drun_continuous.log:4781:    🔒 OpenRouter locked/exhausted (0 left) — skipping
overnight/drun_continuous.log:4787:    🔒 OpenRouter locked/exhausted (0 left) — skipping
overnight/drun_continuous.log:4794:    🔒 OpenRouter locked/exhausted (0 left) — skipping
overnight/drun_continuous.log:4800:    🔒 OpenRouter locked/exhausted (0 left) — skipping
overnight/drun_continuous.log:4804:    🔒 OpenRouter locked/exhausted (0 left) — skipping
overnight/drun_continuous.log:4811:    🔒 OpenRouter locked/exhausted (0 left) — skipping
overnight/drun_continuous.log:4818:    🔒 OpenRouter locked/exhausted (0 left) — skipping
overnight/drun_continuous.log:4825:    🔒 OpenRouter locked/exhausted (0 left) — skipping
overnight/drun_continuous.log:4831:    🔒 OpenRouter locked/exhausted (0 left) — skipping
overnight/drun_continuous.log:4838:    🔒 OpenRouter locked/exhausted (0 left) — skipping
overnight/drun_continuous.log:4845:    🔒 OpenRouter locked/exhausted (0 left) — skipping
overnight/drun_continuous.log:4851:    🔒 OpenRouter locked/exhausted (0 left) — skipping
overnight/drun_continuous.log:4856:    🔒 OpenRouter locked/exhausted (0 left) — skipping
overnight/drun_continuous.log:4862:    🔒 OpenRouter locked/exhausted (0 left) — skipping
overnight/drun_continuous.log:4874:    🔒 OpenRouter locked/exhausted (0 left) — skipping
overnight/drun_continuous.log:4881:    🔒 OpenRouter locked/exhausted (0 left) — skipping
overnight/drun_continuous.log:4885:    🔒 OpenRouter locked/exhausted (0 left) — skipping
overnight/drun_continuous.log:4892:    🔒 OpenRouter locked/exhausted (0 left) — skipping
overnight/drun_continuous.log:4900:    🔒 OpenRouter locked/exhausted (0 left) — skipping
overnight/drun_continuous.log:4907:    🔒 OpenRouter locked/exhausted (0 left) — skipping
overnight/drun_continuous.log:4914:    🔒 OpenRouter locked/exhausted (0 left) — skipping
overnight/drun_continuous.log:4919:    🔒 OpenRouter locked/exhausted (0 left) — skipping
overnight/drun_continuous.log:4926:    🔒 OpenRouter locked/exhausted (0 left) — skipping
overnight/drun_continuous.log:4934:    🔒 OpenRouter locked/exhausted (0 left) — skipping
overnight/drun_continuous.log:4941:    🔒 OpenRouter locked/exhausted (0 left) — skipping
overnight/drun_continuous.log:4993:    🔒 OpenRouter locked/exhausted (0 left) — skipping
overnight/drun_continuous.log:5001:    🔒 OpenRouter locked/exhausted (0 left) — skipping
overnight/drun_continuous.log:5008:    🔒 OpenRouter locked/exhausted (0 left) — skipping
overnight/drun_continuous.log:5015:    🔒 OpenRouter locked/exhausted (0 left) — skipping
overnight/drun_continuous.log:5022:    🔒 OpenRouter locked/exhausted (0 left) — skipping
overnight/drun_continuous.log:5028:    🔒 OpenRouter locked/exhausted (0 left) — skipping
overnight/drun_continuous.log:5035:    🔒 OpenRouter locked/exhausted (0 left) — skipping
overnight/drun_continuous.log:5041:    🔒 OpenRouter locked/exhausted (0 left) — skipping
overnight/drun_continuous.log:5046:    🔒 OpenRouter locked/exhausted (0 left) — skipping
overnight/drun_continuous.log:5052:    🔒 OpenRouter locked/exhausted (0 left) — skipping
overnight/drun_continuous.log:5056:    🔒 OpenRouter locked/exhausted (0 left) — skipping
overnight/drun_continuous.log:5063:    🔒 OpenRouter locked/exhausted (0 left) — skipping
overnight/drun_continuous.log:5070:    🔒 OpenRouter locked/exhausted (0 left) — skipping
overnight/drun_continuous.log:5077:    🔒 OpenRouter locked/exhausted (0 left) — skipping
overnight/drun_continuous.log:5083:    🔒 OpenRouter locked/exhausted (0 left) — skipping
overnight/drun_continuous.log:5090:    🔒 OpenRouter locked/exhausted (0 left) — skipping
overnight/drun_continuous.log:5097:    🔒 OpenRouter locked/exhausted (0 left) — skipping
overnight/drun_continuous.log:5103:    🔒 OpenRouter locked/exhausted (0 left) — skipping
overnight/drun_continuous.log:5110:    🔒 OpenRouter locked/exhausted (0 left) — skipping
overnight/drun_continuous.log:5116:    🔒 OpenRouter locked/exhausted (0 left) — skipping
overnight/drun_continuous.log:5128:    🔒 OpenRouter locked/exhausted (0 left) — skipping
overnight/drun_continuous.log:5134:    🔒 OpenRouter locked/exhausted (0 left) — skipping
overnight/drun_continuous.log:5138:    🔒 OpenRouter locked/exhausted (0 left) — skipping
overnight/drun_continuous.log:5145:    🔒 OpenRouter locked/exhausted (0 left) — skipping
overnight/drun_continuous.log:5151:    🔒 OpenRouter locked/exhausted (0 left) — skipping
overnight/drun_continuous.log:5159:    🔒 OpenRouter locked/exhausted (0 left) — skipping
overnight/drun_continuous.log:5165:    🔒 OpenRouter locked/exhausted (0 left) — skipping
overnight/drun_continuous.log:5172:    🔒 OpenRouter locked/exhausted (0 left) — skipping
overnight/drun_continuous.log:5178:    🔒 OpenRouter locked/exhausted (0 left) — skipping
overnight/drun_continuous.log:5184:    🔒 OpenRouter locked/exhausted (0 left) — skipping
overnight/drun_continuous.log:5192:    🔒 OpenRouter locked/exhausted (0 left) — skipping
overnight/drun_continuous.log:5199:    🔒 OpenRouter locked/exhausted (0 left) — skipping
overnight/drun_continuous.log:5203:    🔒 OpenRouter locked/exhausted (0 left) — skipping
overnight/drun_continuous.log:5210:    🔒 OpenRouter locked/exhausted (0 left) — skipping
overnight/drun_continuous.log:5218:    🔒 OpenRouter locked/exhausted (0 left) — skipping
overnight/drun_continuous.log:5225:    🔒 OpenRouter locked/exhausted (0 left) — skipping
overnight/drun_continuous.log:5278:    🔒 OpenRouter locked/exhausted (0 left) — skipping
overnight/drun_continuous.log:5286:    🔒 OpenRouter locked/exhausted (0 left) — skipping
overnight/drun_continuous.log:5293:    🔒 OpenRouter locked/exhausted (0 left) — skipping
overnight/drun_continuous.log:5299:    🔒 OpenRouter locked/exhausted (0 left) — skipping
overnight/drun_continuous.log:5306:    🔒 OpenRouter locked/exhausted (0 left) — skipping
overnight/drun_continuous.log:5312:    🔒 OpenRouter locked/exhausted (0 left) — skipping
overnight/drun_continuous.log:5319:    🔒 OpenRouter locked/exhausted (0 left) — skipping
overnight/drun_continuous.log:5325:    🔒 OpenRouter locked/exhausted (0 left) — skipping
overnight/drun_continuous.log:5332:    🔒 OpenRouter locked/exhausted (0 left) — skipping
overnight/drun_continuous.log:5338:    🔒 OpenRouter locked/exhausted (0 left) — skipping
overnight/drun_continuous.log:5342:    🔒 OpenRouter locked/exhausted (0 left) — skipping
overnight/drun_continuous.log:5349:    🔒 OpenRouter locked/exhausted (0 left) — skipping
overnight/drun_continuous.log:5354:    🔒 OpenRouter locked/exhausted (0 left) — skipping
overnight/drun_continuous.log:5360:    🔒 OpenRouter locked/exhausted (0 left) — skipping
overnight/drun_continuous.log:5367:    🔒 OpenRouter locked/exhausted (0 left) — skipping
overnight/drun_continuous.log:5374:    🔒 OpenRouter locked/exhausted (0 left) — skipping
overnight/drun_continuous.log:5380:    🔒 OpenRouter locked/exhausted (0 left) — skipping
overnight/drun_continuous.log:5387:    🔒 OpenRouter locked/exhausted (0 left) — skipping
overnight/drun_continuous.log:5393:    🔒 OpenRouter locked/exhausted (0 left) — skipping
overnight/drun_continuous.log:5400:    🔒 OpenRouter locked/exhausted (0 left) — skipping
overnight/drun_continuous.log:5412:    🔒 OpenRouter locked/exhausted (0 left) — skipping
overnight/drun_continuous.log:5418:    🔒 OpenRouter locked/exhausted (0 left) — skipping
overnight/drun_continuous.log:5422:    🔒 OpenRouter locked/exhausted (0 left) — skipping
overnight/drun_continuous.log:5430:    🔒 OpenRouter locked/exhausted (0 left) — skipping
overnight/drun_continuous.log:5437:    🔒 OpenRouter locked/exhausted (0 left) — skipping
overnight/drun_continuous.log:5444:    🔒 OpenRouter locked/exhausted (0 left) — skipping
overnight/drun_continuous.log:5451:    🔒 OpenRouter locked/exhausted (0 left) — skipping
overnight/drun_continuous.log:5456:    🔒 OpenRouter locked/exhausted (0 left) — skipping
overnight/drun_continuous.log:5463:    🔒 OpenRouter locked/exhausted (0 left) — skipping
overnight/drun_continuous.log:5471:    🔒 OpenRouter locked/exhausted (0 left) — skipping
overnight/drun_continuous.log:5478:    🔒 OpenRouter locked/exhausted (0 left) — skipping
overnight/drun_continuous.log:5485:    🔒 OpenRouter locked/exhausted (0 left) — skipping
overnight/drun_continuous.log:5490:    🔒 OpenRouter locked/exhausted (0 left) — skipping
overnight/drun_continuous.log:5497:    🔒 OpenRouter locked/exhausted (0 left) — skipping
overnight/drun_continuous.log:5502:    🔒 OpenRouter locked/exhausted (0 left) — skipping
overnight/drun_continuous.log:5509:    🔒 OpenRouter locked/exhausted (0 left) — skipping
overnight/drun_continuous.log:5517:    🔒 OpenRouter locked/exhausted (0 left) — skipping
overnight/drun_continuous.log:5523:    🔒 OpenRouter locked/exhausted (0 left) — skipping
overnight/drun_continuous.log:5530:    🔒 OpenRouter locked/exhausted (0 left) — skipping
overnight/drun_continuous.log:5537:    🔒 OpenRouter locked/exhausted (0 left) — skipping
overnight/drun_continuous.log:5543:    🔒 OpenRouter locked/exhausted (0 left) — skipping
overnight/drun_continuous.log:5597:    🔒 OpenRouter locked/exhausted (0 left) — skipping
overnight/drun_continuous.log:5605:    🔒 OpenRouter locked/exhausted (0 left) — skipping
overnight/drun_continuous.log:5612:    🔒 OpenRouter locked/exhausted (0 left) — skipping
overnight/drun_continuous.log:5618:    🔒 OpenRouter locked/exhausted (0 left) — skipping
overnight/drun_continuous.log:5625:    🔒 OpenRouter locked/exhausted (0 left) — skipping
overnight/drun_continuous.log:5631:    🔒 OpenRouter locked/exhausted (0 left) — skipping
overnight/drun_continuous.log:5638:    🔒 OpenRouter locked/exhausted (0 left) — skipping
overnight/drun_continuous.log:5644:    🔒 OpenRouter locked/exhausted (0 left) — skipping
overnight/drun_continuous.log:5651:    🔒 OpenRouter locked/exhausted (0 left) — skipping
overnight/drun_continuous.log:5657:    🔒 OpenRouter locked/exhausted (0 left) — skipping
overnight/drun_continuous.log:5661:    🔒 OpenRouter locked/exhausted (0 left) — skipping
overnight/drun_continuous.log:5668:    🔒 OpenRouter locked/exhausted (0 left) — skipping
overnight/drun_continuous.log:5675:    🔒 OpenRouter locked/exhausted (0 left) — skipping
overnight/drun_continuous.log:5682:    🔒 OpenRouter locked/exhausted (0 left) — skipping
overnight/drun_continuous.log:5688:    🔒 OpenRouter locked/exhausted (0 left) — skipping
overnight/drun_continuous.log:5695:    🔒 OpenRouter locked/exhausted (0 left) — skipping
overnight/drun_continuous.log:5700:    🔒 OpenRouter locked/exhausted (0 left) — skipping
overnight/drun_continuous.log:5706:    🔒 OpenRouter locked/exhausted (0 left) — skipping
overnight/drun_continuous.log:5713:    🔒 OpenRouter locked/exhausted (0 left) — skipping
overnight/drun_continuous.log:5720:    🔒 OpenRouter locked/exhausted (0 left) — skipping
overnight/drun_continuous.log:5731:    🔒 OpenRouter locked/exhausted (0 left) — skipping
overnight/drun_continuous.log:5738:    🔒 OpenRouter locked/exhausted (0 left) — skipping
overnight/drun_continuous.log:5742:    🔒 OpenRouter locked/exhausted (0 left) — skipping
overnight/drun_continuous.log:5750:    🔒 OpenRouter locked/exhausted (0 left) — skipping
overnight/drun_continuous.log:5757:    🔒 OpenRouter locked/exhausted (0 left) — skipping
overnight/drun_continuous.log:5763:    🔒 OpenRouter locked/exhausted (0 left) — skipping
overnight/drun_continuous.log:5771:    🔒 OpenRouter locked/exhausted (0 left) — skipping
overnight/drun_continuous.log:5777:    🔒 OpenRouter locked/exhausted (0 left) — skipping
overnight/drun_continuous.log:5781:    🔒 OpenRouter locked/exhausted (0 left) — skipping
overnight/drun_continuous.log:5788:    🔒 OpenRouter locked/exhausted (0 left) — skipping
overnight/drun_continuous.log:5794:    🔒 OpenRouter locked/exhausted (0 left) — skipping
overnight/drun_continuous.log:5802:    🔒 OpenRouter locked/exhausted (0 left) — skipping
overnight/drun_continuous.log:5808:    🔒 OpenRouter locked/exhausted (0 left) — skipping
overnight/drun_continuous.log:5815:    🔒 OpenRouter locked/exhausted (0 left) — skipping
overnight/drun_continuous.log:5823:    🔒 OpenRouter locked/exhausted (0 left) — skipping
overnight/drun_continuous.log:5830:    🔒 OpenRouter locked/exhausted (0 left) — skipping
overnight/drun_continuous.log:5883:    🔒 OpenRouter locked/exhausted (0 left) — skipping
overnight/drun_continuous.log:5891:    🔒 OpenRouter locked/exhausted (0 left) — skipping
overnight/drun_continuous.log:5898:    🔒 OpenRouter locked/exhausted (0 left) — skipping
overnight/drun_continuous.log:5904:    🔒 OpenRouter locked/exhausted (0 left) — skipping
overnight/drun_continuous.log:5911:    🔒 OpenRouter locked/exhausted (0 left) — skipping
overnight/drun_continuous.log:5917:    🔒 OpenRouter locked/exhausted (0 left) — skipping
overnight/drun_continuous.log:5924:    🔒 OpenRouter locked/exhausted (0 left) — skipping
overnight/drun_continuous.log:5930:    🔒 OpenRouter locked/exhausted (0 left) — skipping
overnight/drun_continuous.log:5935:    🔒 OpenRouter locked/exhausted (0 left) — skipping
overnight/drun_continuous.log:5941:    🔒 OpenRouter locked/exhausted (0 left) — skipping
overnight/drun_continuous.log:5945:    🔒 OpenRouter locked/exhausted (0 left) — skipping
overnight/drun_continuous.log:5952:    🔒 OpenRouter locked/exhausted (0 left) — skipping
overnight/drun_continuous.log:5959:    🔒 OpenRouter locked/exhausted (0 left) — skipping
overnight/drun_continuous.log:5966:    🔒 OpenRouter locked/exhausted (0 left) — skipping
overnight/drun_continuous.log:5972:    🔒 OpenRouter locked/exhausted (0 left) — skipping
overnight/drun_continuous.log:5979:    🔒 OpenRouter locked/exhausted (0 left) — skipping
overnight/drun_continuous.log:5986:    🔒 OpenRouter locked/exhausted (0 left) — skipping
overnight/drun_continuous.log:5992:    🔒 OpenRouter locked/exhausted (0 left) — skipping
overnight/drun_continuous.log:5999:    🔒 OpenRouter locked/exhausted (0 left) — skipping
overnight/drun_continuous.log:6005:    🔒 OpenRouter locked/exhausted (0 left) — skipping
overnight/drun_continuous.log:6017:    🔒 OpenRouter locked/exhausted (0 left) — skipping
overnight/drun_continuous.log:6023:    🔒 OpenRouter locked/exhausted (0 left) — skipping
overnight/drun_continuous.log:6027:    🔒 OpenRouter locked/exhausted (0 left) — skipping
overnight/drun_continuous.log:6034:    🔒 OpenRouter locked/exhausted (0 left) — skipping
overnight/drun_continuous.log:6040:    🔒 OpenRouter locked/exhausted (0 left) — skipping
overnight/drun_continuous.log:6048:    🔒 OpenRouter locked/exhausted (0 left) — skipping
overnight/drun_continuous.log:6054:    🔒 OpenRouter locked/exhausted (0 left) — skipping
overnight/drun_continuous.log:6061:    🔒 OpenRouter locked/exhausted (0 left) — skipping
overnight/drun_continuous.log:6069:    🔒 OpenRouter locked/exhausted (0 left) — skipping
overnight/drun_continuous.log:6075:    🔒 OpenRouter locked/exhausted (0 left) — skipping
overnight/drun_continuous.log:6130:    🔒 OpenRouter locked/exhausted (0 left) — skipping
overnight/drun_continuous.log:6138:    🔒 OpenRouter locked/exhausted (0 left) — skipping
overnight/drun_continuous.log:6145:    🔒 OpenRouter locked/exhausted (0 left) — skipping
overnight/drun_continuous.log:6151:    🔒 OpenRouter locked/exhausted (0 left) — skipping
overnight/drun_continuous.log:6158:    🔒 OpenRouter locked/exhausted (0 left) — skipping
overnight/drun_continuous.log:6164:    🔒 OpenRouter locked/exhausted (0 left) — skipping
overnight/drun_continuous.log:6171:    🔒 OpenRouter locked/exhausted (0 left) — skipping
overnight/drun_continuous.log:6177:    🔒 OpenRouter locked/exhausted (0 left) — skipping
overnight/drun_continuous.log:6182:    🔒 OpenRouter locked/exhausted (0 left) — skipping
overnight/drun_continuous.log:6188:    🔒 OpenRouter locked/exhausted (0 left) — skipping
overnight/drun_continuous.log:6192:    🔒 OpenRouter locked/exhausted (0 left) — skipping
overnight/drun_continuous.log:6199:    🔒 OpenRouter locked/exhausted (0 left) — skipping
overnight/drun_continuous.log:6206:    🔒 OpenRouter locked/exhausted (0 left) — skipping
overnight/drun_continuous.log:6213:    🔒 OpenRouter locked/exhausted (0 left) — skipping
overnight/drun_continuous.log:6219:    🔒 OpenRouter locked/exhausted (0 left) — skipping
overnight/drun_continuous.log:6226:    🔒 OpenRouter locked/exhausted (0 left) — skipping
overnight/drun_continuous.log:6233:    🔒 OpenRouter locked/exhausted (0 left) — skipping
overnight/drun_continuous.log:6239:    🔒 OpenRouter locked/exhausted (0 left) — skipping
overnight/drun_continuous.log:6246:    🔒 OpenRouter locked/exhausted (0 left) — skipping
overnight/drun_continuous.log:6252:    🔒 OpenRouter locked/exhausted (0 left) — skipping
overnight/drun_continuous.log:6264:    🔒 OpenRouter locked/exhausted (0 left) — skipping
overnight/drun_continuous.log:6270:    🔒 OpenRouter locked/exhausted (0 left) — skipping
overnight/drun_continuous.log:6274:    🔒 OpenRouter locked/exhausted (0 left) — skipping
overnight/drun_continuous.log:6281:    🔒 OpenRouter locked/exhausted (0 left) — skipping
overnight/drun_continuous.log:6287:    🔒 OpenRouter locked/exhausted (0 left) — skipping
overnight/drun_continuous.log:6341:    🔒 OpenRouter locked/exhausted (0 left) — skipping
overnight/drun_continuous.log:6349:    🔒 OpenRouter locked/exhausted (0 left) — skipping
overnight/drun_continuous.log:6356:    🔒 OpenRouter locked/exhausted (0 left) — skipping
overnight/drun_continuous.log:6362:    🔒 OpenRouter locked/exhausted (0 left) — skipping
overnight/drun_continuous.log:6369:    🔒 OpenRouter locked/exhausted (0 left) — skipping
overnight/drun_continuous.log:6375:    🔒 OpenRouter locked/exhausted (0 left) — skipping
overnight/drun_continuous.log:6382:    🔒 OpenRouter locked/exhausted (0 left) — skipping
overnight/drun_continuous.log:6388:    🔒 OpenRouter locked/exhausted (0 left) — skipping
overnight/drun_continuous.log:6395:    🔒 OpenRouter locked/exhausted (0 left) — skipping
overnight/drun_continuous.log:6401:    🔒 OpenRouter locked/exhausted (0 left) — skipping
overnight/drun_continuous.log:6405:    🔒 OpenRouter locked/exhausted (0 left) — skipping
overnight/drun_continuous.log:6410:    🔒 OpenRouter locked/exhausted (0 left) — skipping
overnight/drun_continuous.log:6414:    🔒 OpenRouter locked/exhausted (0 left) — skipping
overnight/drun_continuous.log:6419:    🔒 OpenRouter locked/exhausted (0 left) — skipping
overnight/drun_continuous.log:6426:    🔒 OpenRouter locked/exhausted (0 left) — skipping
overnight/drun_continuous.log:6433:    🔒 OpenRouter locked/exhausted (0 left) — skipping
overnight/drun_continuous.log:6440:    🔒 OpenRouter locked/exhausted (0 left) — skipping
overnight/drun_continuous.log:6446:    🔒 OpenRouter locked/exhausted (0 left) — skipping
overnight/drun_continuous.log:6453:    🔒 OpenRouter locked/exhausted (0 left) — skipping
overnight/drun_continuous.log:6464:    🔒 OpenRouter locked/exhausted (0 left) — skipping
overnight/drun_continuous.log:6469:    🔒 OpenRouter locked/exhausted (0 left) — skipping
overnight/drun_continuous.log:6476:    🔒 OpenRouter locked/exhausted (0 left) — skipping
overnight/drun_continuous.log:6484:    🔒 OpenRouter locked/exhausted (0 left) — skipping
overnight/drun_continuous.log:6491:    🔒 OpenRouter locked/exhausted (0 left) — skipping
overnight/drun_continuous.log:6498:    🔒 OpenRouter locked/exhausted (0 left) — skipping
overnight/drun_continuous.log:6505:    🔒 OpenRouter locked/exhausted (0 left) — skipping
overnight/drun_continuous.log:6509:    🔒 OpenRouter locked/exhausted (0 left) — skipping
overnight/drun_continuous.log:6516:    🔒 OpenRouter locked/exhausted (0 left) — skipping
overnight/drun_continuous.log:6522:    🔒 OpenRouter locked/exhausted (0 left) — skipping
overnight/drun_continuous.log:6576:    🔒 OpenRouter locked/exhausted (0 left) — skipping
overnight/drun_continuous.log:6584:    🔒 OpenRouter locked/exhausted (0 left) — skipping
overnight/drun_continuous.log:6591:    🔒 OpenRouter locked/exhausted (0 left) — skipping
overnight/drun_continuous.log:6597:    🔒 OpenRouter locked/exhausted (0 left) — skipping
overnight/drun_continuous.log:6604:    🔒 OpenRouter locked/exhausted (0 left) — skipping
overnight/drun_continuous.log:6610:    🔒 OpenRouter locked/exhausted (0 left) — skipping
overnight/drun_continuous.log:6617:    🔒 OpenRouter locked/exhausted (0 left) — skipping
overnight/drun_continuous.log:6623:    🔒 OpenRouter locked/exhausted (0 left) — skipping
overnight/drun_continuous.log:6630:    🔒 OpenRouter locked/exhausted (0 left) — skipping
overnight/drun_continuous.log:6636:    🔒 OpenRouter locked/exhausted (0 left) — skipping
overnight/drun_continuous.log:6642:    🔒 OpenRouter locked/exhausted (0 left) — skipping
overnight/drun_continuous.log:6648:    🔒 OpenRouter locked/exhausted (0 left) — skipping
overnight/drun_continuous.log:6655:    🔒 OpenRouter locked/exhausted (0 left) — skipping
overnight/drun_continuous.log:6662:    🔒 OpenRouter locked/exhausted (0 left) — skipping
overnight/drun_continuous.log:6666:    🔒 OpenRouter locked/exhausted (0 left) — skipping
overnight/drun_continuous.log:6672:    🔒 OpenRouter locked/exhausted (0 left) — skipping
overnight/drun_continuous.log:6679:    🔒 OpenRouter locked/exhausted (0 left) — skipping
overnight/drun_continuous.log:6685:    🔒 OpenRouter locked/exhausted (0 left) — skipping
overnight/drun_continuous.log:6692:    🔒 OpenRouter locked/exhausted (0 left) — skipping
overnight/drun_continuous.log:6699:    🔒 OpenRouter locked/exhausted (0 left) — skipping
overnight/drun_continuous.log:6710:    🔒 OpenRouter locked/exhausted (0 left) — skipping
overnight/drun_continuous.log:6715:    🔒 OpenRouter locked/exhausted (0 left) — skipping
overnight/drun_continuous.log:6722:    🔒 OpenRouter locked/exhausted (0 left) — skipping
overnight/drun_continuous.log:6728:    🔒 OpenRouter locked/exhausted (0 left) — skipping
overnight/drun_continuous.log:6734:    🔒 OpenRouter locked/exhausted (0 left) — skipping
overnight/drun_continuous.log:6742:    🔒 OpenRouter locked/exhausted (0 left) — skipping
overnight/drun_continuous.log:6748:    🔒 OpenRouter locked/exhausted (0 left) — skipping
overnight/drun_continuous.log:6755:    🔒 OpenRouter locked/exhausted (0 left) — skipping
overnight/drun_continuous.log:6763:    🔒 OpenRouter locked/exhausted (0 left) — skipping
overnight/drun_continuous.log:6770:    🔒 OpenRouter locked/exhausted (0 left) — skipping
overnight/drun_continuous.log:6777:    🔒 OpenRouter locked/exhausted (0 left) — skipping
overnight/drun_continuous.log:6784:    🔒 OpenRouter locked/exhausted (0 left) — skipping
overnight/drun_continuous.log:6788:    🔒 OpenRouter locked/exhausted (0 left) — skipping
overnight/drun_continuous.log:6795:    🔒 OpenRouter locked/exhausted (0 left) — skipping
overnight/drun_continuous.log:6803:    🔒 OpenRouter locked/exhausted (0 left) — skipping
overnight/drun_continuous.log:6810:    🔒 OpenRouter locked/exhausted (0 left) — skipping
overnight/drun_continuous.log:6863:    🔒 OpenRouter locked/exhausted (0 left) — skipping
overnight/drun_continuous.log:6871:    🔒 OpenRouter locked/exhausted (0 left) — skipping
overnight/drun_continuous.log:6878:    🔒 OpenRouter locked/exhausted (0 left) — skipping
overnight/drun_continuous.log:6884:    🔒 OpenRouter locked/exhausted (0 left) — skipping
overnight/drun_continuous.log:6891:    🔒 OpenRouter locked/exhausted (0 left) — skipping
overnight/drun_continuous.log:6897:    🔒 OpenRouter locked/exhausted (0 left) — skipping
overnight/drun_continuous.log:6904:    🔒 OpenRouter locked/exhausted (0 left) — skipping
overnight/drun_continuous.log:6910:    🔒 OpenRouter locked/exhausted (0 left) — skipping
overnight/drun_continuous.log:6915:    🔒 OpenRouter locked/exhausted (0 left) — skipping
overnight/drun_continuous.log:6921:    🔒 OpenRouter locked/exhausted (0 left) — skipping
overnight/drun_continuous.log:6925:    🔒 OpenRouter locked/exhausted (0 left) — skipping
overnight/drun_continuous.log:6932:    🔒 OpenRouter locked/exhausted (0 left) — skipping
overnight/drun_continuous.log:6939:    🔒 OpenRouter locked/exhausted (0 left) — skipping
overnight/drun_continuous.log:6946:    🔒 OpenRouter locked/exhausted (0 left) — skipping
overnight/drun_continuous.log:6952:    🔒 OpenRouter locked/exhausted (0 left) — skipping
overnight/drun_continuous.log:6959:    🔒 OpenRouter locked/exhausted (0 left) — skipping
overnight/drun_continuous.log:6966:    🔒 OpenRouter locked/exhausted (0 left) — skipping
overnight/drun_continuous.log:6972:    🔒 OpenRouter locked/exhausted (0 left) — skipping
overnight/drun_continuous.log:6979:    🔒 OpenRouter locked/exhausted (0 left) — skipping
overnight/drun_continuous.log:6985:    🔒 OpenRouter locked/exhausted (0 left) — skipping
overnight/drun_continuous.log:6997:    🔒 OpenRouter locked/exhausted (0 left) — skipping
overnight/drun_continuous.log:7003:    🔒 OpenRouter locked/exhausted (0 left) — skipping
overnight/drun_continuous.log:7007:    🔒 OpenRouter locked/exhausted (0 left) — skipping
overnight/drun_continuous.log:7014:    🔒 OpenRouter locked/exhausted (0 left) — skipping
overnight/drun_continuous.log:7020:    🔒 OpenRouter locked/exhausted (0 left) — skipping
overnight/drun_continuous.log:7028:    🔒 OpenRouter locked/exhausted (0 left) — skipping
overnight/drun_continuous.log:7034:    🔒 OpenRouter locked/exhausted (0 left) — skipping
overnight/drun_continuous.log:7041:    🔒 OpenRouter locked/exhausted (0 left) — skipping
overnight/drun_continuous.log:7047:    🔒 OpenRouter locked/exhausted (0 left) — skipping
overnight/drun_continuous.log:7053:    🔒 OpenRouter locked/exhausted (0 left) — skipping
overnight/drun_continuous.log:7061:    🔒 OpenRouter locked/exhausted (0 left) — skipping
overnight/drun_continuous.log:7068:    🔒 OpenRouter locked/exhausted (0 left) — skipping
overnight/drun_continuous.log:7072:    🔒 OpenRouter locked/exhausted (0 left) — skipping
overnight/drun_continuous.log:7079:    🔒 OpenRouter locked/exhausted (0 left) — skipping
overnight/drun_continuous.log:7087:    🔒 OpenRouter locked/exhausted (0 left) — skipping
overnight/drun_continuous.log:7094:    🔒 OpenRouter locked/exhausted (0 left) — skipping
overnight/drun_continuous.log:7147:    🔒 OpenRouter locked/exhausted (0 left) — skipping
overnight/drun_continuous.log:7155:    🔒 OpenRouter locked/exhausted (0 left) — skipping
overnight/drun_continuous.log:7162:    🔒 OpenRouter locked/exhausted (0 left) — skipping
overnight/drun_continuous.log:7168:    🔒 OpenRouter locked/exhausted (0 left) — skipping
overnight/drun_continuous.log:7175:    🔒 OpenRouter locked/exhausted (0 left) — skipping
overnight/drun_continuous.log:7181:    🔒 OpenRouter locked/exhausted (0 left) — skipping
overnight/drun_continuous.log:7188:    🔒 OpenRouter locked/exhausted (0 left) — skipping
overnight/drun_continuous.log:7195:    🔒 OpenRouter locked/exhausted (0 left) — skipping
overnight/drun_continuous.log:7202:    🔒 OpenRouter locked/exhausted (0 left) — skipping
overnight/drun_continuous.log:7208:    🔒 OpenRouter locked/exhausted (0 left) — skipping
overnight/drun_continuous.log:7212:    🔒 OpenRouter locked/exhausted (0 left) — skipping
overnight/drun_continuous.log:7219:    🔒 OpenRouter locked/exhausted (0 left) — skipping
overnight/drun_continuous.log:7224:    🔒 OpenRouter locked/exhausted (0 left) — skipping
overnight/drun_continuous.log:7230:    🔒 OpenRouter locked/exhausted (0 left) — skipping
overnight/drun_continuous.log:7237:    🔒 OpenRouter locked/exhausted (0 left) — skipping
overnight/drun_continuous.log:7244:    🔒 OpenRouter locked/exhausted (0 left) — skipping
overnight/drun_continuous.log:7250:    🔒 OpenRouter locked/exhausted (0 left) — skipping
overnight/drun_continuous.log:7257:    🔒 OpenRouter locked/exhausted (0 left) — skipping
overnight/drun_continuous.log:7263:    🔒 OpenRouter locked/exhausted (0 left) — skipping
overnight/drun_continuous.log:7270:    🔒 OpenRouter locked/exhausted (0 left) — skipping
overnight/drun_continuous.log:7282:    🔒 OpenRouter locked/exhausted (0 left) — skipping
overnight/drun_continuous.log:7288:    🔒 OpenRouter locked/exhausted (0 left) — skipping
overnight/drun_continuous.log:7292:    🔒 OpenRouter locked/exhausted (0 left) — skipping
overnight/drun_continuous.log:7300:    🔒 OpenRouter locked/exhausted (0 left) — skipping
overnight/drun_continuous.log:7307:    🔒 OpenRouter locked/exhausted (0 left) — skipping
overnight/drun_continuous.log:7314:    🔒 OpenRouter locked/exhausted (0 left) — skipping
overnight/drun_continuous.log:7321:    🔒 OpenRouter locked/exhausted (0 left) — skipping
overnight/drun_continuous.log:7326:    🔒 OpenRouter locked/exhausted (0 left) — skipping
overnight/drun_continuous.log:7333:    🔒 OpenRouter locked/exhausted (0 left) — skipping
overnight/drun_continuous.log:7338:    🔒 OpenRouter locked/exhausted (0 left) — skipping
overnight/drun_continuous.log:7345:    🔒 OpenRouter locked/exhausted (0 left) — skipping
overnight/drun_continuous.log:7353:    🔒 OpenRouter locked/exhausted (0 left) — skipping
overnight/drun_continuous.log:7359:    🔒 OpenRouter locked/exhausted (0 left) — skipping
overnight/drun_continuous.log:7366:    🔒 OpenRouter locked/exhausted (0 left) — skipping
overnight/drun_continuous.log:7372:    🔒 OpenRouter locked/exhausted (0 left) — skipping
overnight/drun_continuous.log:7380:    🔒 OpenRouter locked/exhausted (0 left) — skipping
overnight/drun_continuous.log:7387:    🔒 OpenRouter locked/exhausted (0 left) — skipping
overnight/drun_continuous.log:7392:    🔒 OpenRouter locked/exhausted (0 left) — skipping
overnight/drun_continuous.log:7399:    🔒 OpenRouter locked/exhausted (0 left) — skipping
overnight/drun_continuous.log:7407:    🔒 OpenRouter locked/exhausted (0 left) — skipping
overnight/drun_continuous.log:7414:    🔒 OpenRouter locked/exhausted (0 left) — skipping
overnight/drun_continuous.log:7421:    🔒 OpenRouter locked/exhausted (0 left) — skipping
overnight/drun_continuous.log:7428:    🔒 OpenRouter locked/exhausted (0 left) — skipping
overnight/drun_continuous.log:7432:    🔒 OpenRouter locked/exhausted (0 left) — skipping
overnight/drun_continuous.log:7439:    🔒 OpenRouter locked/exhausted (0 left) — skipping
overnight/drun_continuous.log:7447:    🔒 OpenRouter locked/exhausted (0 left) — skipping
overnight/drun_continuous.log:7454:    🔒 OpenRouter locked/exhausted (0 left) — skipping
overnight/drun_continuous.log:7507:    🔒 OpenRouter locked/exhausted (0 left) — skipping
overnight/drun_continuous.log:7515:    🔒 OpenRouter locked/exhausted (0 left) — skipping
overnight/drun_continuous.log:7522:    🔒 OpenRouter locked/exhausted (0 left) — skipping
overnight/drun_continuous.log:7528:    🔒 OpenRouter locked/exhausted (0 left) — skipping
overnight/drun_continuous.log:7535:    🔒 OpenRouter locked/exhausted (0 left) — skipping
overnight/drun_continuous.log:7541:    🔒 OpenRouter locked/exhausted (0 left) — skipping
overnight/drun_continuous.log:7548:    🔒 OpenRouter locked/exhausted (0 left) — skipping
overnight/drun_continuous.log:7554:    🔒 OpenRouter locked/exhausted (0 left) — skipping
overnight/drun_continuous.log:7559:    🔒 OpenRouter locked/exhausted (0 left) — skipping
overnight/drun_continuous.log:7565:    🔒 OpenRouter locked/exhausted (0 left) — skipping
overnight/drun_continuous.log:7569:    🔒 OpenRouter locked/exhausted (0 left) — skipping
overnight/drun_continuous.log:7576:    🔒 OpenRouter locked/exhausted (0 left) — skipping
overnight/drun_continuous.log:7583:    🔒 OpenRouter locked/exhausted (0 left) — skipping
overnight/drun_continuous.log:7590:    🔒 OpenRouter locked/exhausted (0 left) — skipping
overnight/drun_continuous.log:7596:    🔒 OpenRouter locked/exhausted (0 left) — skipping
overnight/drun_continuous.log:7603:    🔒 OpenRouter locked/exhausted (0 left) — skipping
overnight/drun_continuous.log:7610:    🔒 OpenRouter locked/exhausted (0 left) — skipping
overnight/drun_continuous.log:7616:    🔒 OpenRouter locked/exhausted (0 left) — skipping
overnight/drun_continuous.log:7623:    🔒 OpenRouter locked/exhausted (0 left) — skipping
overnight/drun_continuous.log:7629:    🔒 OpenRouter locked/exhausted (0 left) — skipping
overnight/drun_continuous.log:7641:    🔒 OpenRouter locked/exhausted (0 left) — skipping
overnight/drun_continuous.log:7647:    🔒 OpenRouter locked/exhausted (0 left) — skipping
overnight/drun_continuous.log:7651:    🔒 OpenRouter locked/exhausted (0 left) — skipping
overnight/drun_continuous.log:7658:    🔒 OpenRouter locked/exhausted (0 left) — skipping
overnight/drun_continuous.log:7664:    🔒 OpenRouter locked/exhausted (0 left) — skipping
overnight/drun_continuous.log:7672:    🔒 OpenRouter locked/exhausted (0 left) — skipping
overnight/drun_continuous.log:7678:    🔒 OpenRouter locked/exhausted (0 left) — skipping
overnight/drun_continuous.log:7685:    🔒 OpenRouter locked/exhausted (0 left) — skipping
overnight/drun_continuous.log:7691:    🔒 OpenRouter locked/exhausted (0 left) — skipping
overnight/drun_continuous.log:7697:    🔒 OpenRouter locked/exhausted (0 left) — skipping
overnight/drun_continuous.log:7705:    🔒 OpenRouter locked/exhausted (0 left) — skipping
overnight/drun_continuous.log:7711:    🔒 OpenRouter locked/exhausted (0 left) — skipping
overnight/drun_continuous.log:7718:    🔒 OpenRouter locked/exhausted (0 left) — skipping
overnight/drun_continuous.log:7726:    🔒 OpenRouter locked/exhausted (0 left) — skipping
overnight/drun_continuous.log:7734:    🔒 OpenRouter locked/exhausted (0 left) — skipping
overnight/drun_continuous.log:7741:    🔒 OpenRouter locked/exhausted (0 left) — skipping
overnight/drun_continuous.log:7748:    🔒 OpenRouter locked/exhausted (0 left) — skipping
overnight/drun_continuous.log:7752:    🔒 OpenRouter locked/exhausted (0 left) — skipping
overnight/drun_continuous.log:7759:    🔒 OpenRouter locked/exhausted (0 left) — skipping
overnight/drun_continuous.log:7767:    🔒 OpenRouter locked/exhausted (0 left) — skipping
overnight/drun_continuous.log:7774:    🔒 OpenRouter locked/exhausted (0 left) — skipping
overnight/drun_continuous.log:7781:    🔒 OpenRouter locked/exhausted (0 left) — skipping
overnight/drun_continuous.log:7786:    🔒 OpenRouter locked/exhausted (0 left) — skipping
overnight/drun_continuous.log:7793:    🔒 OpenRouter locked/exhausted (0 left) — skipping
overnight/drun_continuous.log:7799:    🔒 OpenRouter locked/exhausted (0 left) — skipping
overnight/drun_continuous.log:7805:    🔒 OpenRouter locked/exhausted (0 left) — skipping
overnight/drun_continuous.log:7813:    🔒 OpenRouter locked/exhausted (0 left) — skipping
overnight/drun_continuous.log:7820:    🔒 OpenRouter locked/exhausted (0 left) — skipping
overnight/drun_continuous.log:7824:    🔒 OpenRouter locked/exhausted (0 left) — skipping
overnight/drun_continuous.log:7831:    🔒 OpenRouter locked/exhausted (0 left) — skipping
overnight/drun_continuous.log:7839:    🔒 OpenRouter locked/exhausted (0 left) — skipping
overnight/drun_continuous.log:7846:    🔒 OpenRouter locked/exhausted (0 left) — skipping
overnight/drun_continuous.log:7899:    🔒 OpenRouter locked/exhausted (0 left) — skipping
overnight/drun_continuous.log:7907:    🔒 OpenRouter locked/exhausted (0 left) — skipping
overnight/drun_continuous.log:7914:    🔒 OpenRouter locked/exhausted (0 left) — skipping
overnight/drun_continuous.log:7920:    🔒 OpenRouter locked/exhausted (0 left) — skipping
overnight/drun_continuous.log:7927:    🔒 OpenRouter locked/exhausted (0 left) — skipping
overnight/drun_continuous.log:7933:    🔒 OpenRouter locked/exhausted (0 left) — skipping
overnight/drun_continuous.log:7940:    🔒 OpenRouter locked/exhausted (0 left) — skipping
overnight/drun_continuous.log:7946:    🔒 OpenRouter locked/exhausted (0 left) — skipping
overnight/drun_continuous.log:7951:    🔒 OpenRouter locked/exhausted (0 left) — skipping
overnight/drun_continuous.log:7957:    🔒 OpenRouter locked/exhausted (0 left) — skipping
overnight/drun_continuous.log:7961:    🔒 OpenRouter locked/exhausted (0 left) — skipping
overnight/drun_continuous.log:7968:    🔒 OpenRouter locked/exhausted (0 left) — skipping
overnight/drun_continuous.log:7975:    🔒 OpenRouter locked/exhausted (0 left) — skipping
overnight/drun_continuous.log:7982:    🔒 OpenRouter locked/exhausted (0 left) — skipping
overnight/drun_continuous.log:7988:    🔒 OpenRouter locked/exhausted (0 left) — skipping
overnight/drun_continuous.log:7995:    🔒 OpenRouter locked/exhausted (0 left) — skipping
overnight/drun_continuous.log:8002:    🔒 OpenRouter locked/exhausted (0 left) — skipping
overnight/drun_continuous.log:8008:    🔒 OpenRouter locked/exhausted (0 left) — skipping
overnight/drun_continuous.log:8015:    🔒 OpenRouter locked/exhausted (0 left) — skipping
overnight/drun_continuous.log:8021:    🔒 OpenRouter locked/exhausted (0 left) — skipping
overnight/drun_continuous.log:8033:    🔒 OpenRouter locked/exhausted (0 left) — skipping
overnight/drun_continuous.log:8039:    🔒 OpenRouter locked/exhausted (0 left) — skipping
overnight/drun_continuous.log:8043:    🔒 OpenRouter locked/exhausted (0 left) — skipping
overnight/drun_continuous.log:8050:    🔒 OpenRouter locked/exhausted (0 left) — skipping
overnight/drun_continuous.log:8056:    🔒 OpenRouter locked/exhausted (0 left) — skipping
overnight/drun_continuous.log:8064:    🔒 OpenRouter locked/exhausted (0 left) — skipping
overnight/drun_continuous.log:8070:    🔒 OpenRouter locked/exhausted (0 left) — skipping
overnight/drun_continuous.log:8077:    🔒 OpenRouter locked/exhausted (0 left) — skipping
overnight/drun_continuous.log:8083:    🔒 OpenRouter locked/exhausted (0 left) — skipping
overnight/drun_continuous.log:8089:    🔒 OpenRouter locked/exhausted (0 left) — skipping
overnight/drun_continuous.log:8097:    🔒 OpenRouter locked/exhausted (0 left) — skipping
overnight/drun_continuous.log:8104:    🔒 OpenRouter locked/exhausted (0 left) — skipping
overnight/drun_continuous.log:8108:    🔒 OpenRouter locked/exhausted (0 left) — skipping
overnight/drun_continuous.log:8116:    🔒 OpenRouter locked/exhausted (0 left) — skipping
overnight/drun_continuous.log:8123:    🔒 OpenRouter locked/exhausted (0 left) — skipping
overnight/drun_continuous.log:8130:    🔒 OpenRouter locked/exhausted (0 left) — skipping
overnight/drun_continuous.log:8137:    🔒 OpenRouter locked/exhausted (0 left) — skipping
overnight/drun_continuous.log:8142:    🔒 OpenRouter locked/exhausted (0 left) — skipping
overnight/drun_continuous.log:8149:    🔒 OpenRouter locked/exhausted (0 left) — skipping
overnight/drun_continuous.log:8157:    🔒 OpenRouter locked/exhausted (0 left) — skipping
overnight/drun_continuous.log:8164:    🔒 OpenRouter locked/exhausted (0 left) — skipping
overnight/drun_continuous.log:8171:    🔒 OpenRouter locked/exhausted (0 left) — skipping
overnight/drun_continuous.log:8176:    🔒 OpenRouter locked/exhausted (0 left) — skipping
overnight/drun_continuous.log:8183:    🔒 OpenRouter locked/exhausted (0 left) — skipping
overnight/drun_continuous.log:8188:    🔒 OpenRouter locked/exhausted (0 left) — skipping
overnight/drun_continuous.log:8195:    🔒 OpenRouter locked/exhausted (0 left) — skipping
overnight/drun_continuous.log:8203:    🔒 OpenRouter locked/exhausted (0 left) — skipping
overnight/drun_continuous.log:8210:    🔒 OpenRouter locked/exhausted (0 left) — skipping
overnight/drun_continuous.log:8214:    🔒 OpenRouter locked/exhausted (0 left) — skipping
overnight/drun_continuous.log:8221:    🔒 OpenRouter locked/exhausted (0 left) — skipping
overnight/drun_continuous.log:8229:    🔒 OpenRouter locked/exhausted (0 left) — skipping
overnight/drun_continuous.log:8236:    🔒 OpenRouter locked/exhausted (0 left) — skipping
overnight/drun_continuous.log:8289:    🔒 OpenRouter locked/exhausted (0 left) — skipping
overnight/drun_continuous.log:8297:    🔒 OpenRouter locked/exhausted (0 left) — skipping
overnight/drun_continuous.log:8304:    🔒 OpenRouter locked/exhausted (0 left) — skipping
overnight/drun_continuous.log:8311:    🔒 OpenRouter locked/exhausted (0 left) — skipping
overnight/drun_continuous.log:8318:    🔒 OpenRouter locked/exhausted (0 left) — skipping
overnight/drun_continuous.log:8324:    🔒 OpenRouter locked/exhausted (0 left) — skipping
overnight/drun_continuous.log:8331:    🔒 OpenRouter locked/exhausted (0 left) — skipping
overnight/drun_continuous.log:8337:    🔒 OpenRouter locked/exhausted (0 left) — skipping
overnight/drun_continuous.log:8341:    🔒 OpenRouter locked/exhausted (0 left) — skipping
overnight/drun_continuous.log:8348:    🔒 OpenRouter locked/exhausted (0 left) — skipping
overnight/drun_continuous.log:8355:    🔒 OpenRouter locked/exhausted (0 left) — skipping
overnight/drun_continuous.log:8362:    🔒 OpenRouter locked/exhausted (0 left) — skipping
overnight/drun_continuous.log:8368:    🔒 OpenRouter locked/exhausted (0 left) — skipping
overnight/drun_continuous.log:8375:    🔒 OpenRouter locked/exhausted (0 left) — skipping
overnight/drun_continuous.log:8380:    🔒 OpenRouter locked/exhausted (0 left) — skipping
overnight/drun_continuous.log:8386:    🔒 OpenRouter locked/exhausted (0 left) — skipping
overnight/drun_continuous.log:8393:    🔒 OpenRouter locked/exhausted (0 left) — skipping
overnight/drun_continuous.log:8400:    🔒 OpenRouter locked/exhausted (0 left) — skipping
overnight/drun_continuous.log:8406:    🔒 OpenRouter locked/exhausted (0 left) — skipping
overnight/drun_continuous.log:8413:    🔒 OpenRouter locked/exhausted (0 left) — skipping
overnight/drun_continuous.log:8425:    🔒 OpenRouter locked/exhausted (0 left) — skipping
overnight/drun_continuous.log:8431:    🔒 OpenRouter locked/exhausted (0 left) — skipping
overnight/drun_continuous.log:8435:    🔒 OpenRouter locked/exhausted (0 left) — skipping
overnight/drun_continuous.log:8441:    🔒 OpenRouter locked/exhausted (0 left) — skipping
overnight/drun_continuous.log:8448:    🔒 OpenRouter locked/exhausted (0 left) — skipping
overnight/drun_continuous.log:8456:    🔒 OpenRouter locked/exhausted (0 left) — skipping
overnight/drun_continuous.log:8462:    🔒 OpenRouter locked/exhausted (0 left) — skipping
overnight/drun_continuous.log:8469:    🔒 OpenRouter locked/exhausted (0 left) — skipping
overnight/drun_continuous.log:8475:    🔒 OpenRouter locked/exhausted (0 left) — skipping
overnight/drun_continuous.log:8481:    🔒 OpenRouter locked/exhausted (0 left) — skipping
overnight/drun_continuous.log:8489:    🔒 OpenRouter locked/exhausted (0 left) — skipping
overnight/drun_continuous.log:8495:    🔒 OpenRouter locked/exhausted (0 left) — skipping
overnight/drun_continuous.log:8502:    🔒 OpenRouter locked/exhausted (0 left) — skipping
overnight/drun_continuous.log:8510:    🔒 OpenRouter locked/exhausted (0 left) — skipping
overnight/drun_continuous.log:8517:    🔒 OpenRouter locked/exhausted (0 left) — skipping
overnight/drun_continuous.log:8570:    🔒 OpenRouter locked/exhausted (0 left) — skipping
overnight/drun_continuous.log:8578:    🔒 OpenRouter locked/exhausted (0 left) — skipping
overnight/drun_continuous.log:8585:    🔒 OpenRouter locked/exhausted (0 left) — skipping
overnight/drun_continuous.log:8591:    🔒 OpenRouter locked/exhausted (0 left) — skipping
overnight/drun_continuous.log:8598:    🔒 OpenRouter locked/exhausted (0 left) — skipping
overnight/drun_continuous.log:8604:    🔒 OpenRouter locked/exhausted (0 left) — skipping
overnight/drun_continuous.log:8611:    🔒 OpenRouter locked/exhausted (0 left) — skipping
overnight/drun_continuous.log:8617:    🔒 OpenRouter locked/exhausted (0 left) — skipping
overnight/drun_continuous.log:8624:    🔒 OpenRouter locked/exhausted (0 left) — skipping
overnight/drun_continuous.log:8630:    🔒 OpenRouter locked/exhausted (0 left) — skipping
overnight/drun_continuous.log:8634:    🔒 OpenRouter locked/exhausted (0 left) — skipping
overnight/drun_continuous.log:8641:    🔒 OpenRouter locked/exhausted (0 left) — skipping
overnight/drun_continuous.log:8646:    🔒 OpenRouter locked/exhausted (0 left) — skipping
overnight/drun_continuous.log:8652:    🔒 OpenRouter locked/exhausted (0 left) — skipping
overnight/drun_continuous.log:8659:    🔒 OpenRouter locked/exhausted (0 left) — skipping
overnight/drun_continuous.log:8666:    🔒 OpenRouter locked/exhausted (0 left) — skipping
overnight/drun_continuous.log:8672:    🔒 OpenRouter locked/exhausted (0 left) — skipping
overnight/drun_continuous.log:8679:    🔒 OpenRouter locked/exhausted (0 left) — skipping
overnight/drun_continuous.log:8685:    🔒 OpenRouter locked/exhausted (0 left) — skipping
overnight/drun_continuous.log:8692:    🔒 OpenRouter locked/exhausted (0 left) — skipping
overnight/drun_continuous.log:8704:    🔒 OpenRouter locked/exhausted (0 left) — skipping
overnight/drun_continuous.log:8710:    🔒 OpenRouter locked/exhausted (0 left) — skipping
overnight/drun_continuous.log:8714:    🔒 OpenRouter locked/exhausted (0 left) — skipping
overnight/drun_continuous.log:8721:    🔒 OpenRouter locked/exhausted (0 left) — skipping
overnight/drun_continuous.log:8727:    🔒 OpenRouter locked/exhausted (0 left) — skipping
overnight/drun_continuous.log:8735:    🔒 OpenRouter locked/exhausted (0 left) — skipping
overnight/drun_continuous.log:8741:    🔒 OpenRouter locked/exhausted (0 left) — skipping
overnight/drun_continuous.log:8748:    🔒 OpenRouter locked/exhausted (0 left) — skipping
overnight/drun_continuous.log:8756:    🔒 OpenRouter locked/exhausted (0 left) — skipping
overnight/drun_continuous.log:8763:    🔒 OpenRouter locked/exhausted (0 left) — skipping
overnight/drun_continuous.log:8770:    🔒 OpenRouter locked/exhausted (0 left) — skipping
overnight/drun_continuous.log:8777:    🔒 OpenRouter locked/exhausted (0 left) — skipping
overnight/drun_continuous.log:8781:    🔒 OpenRouter locked/exhausted (0 left) — skipping
overnight/drun_continuous.log:8788:    🔒 OpenRouter locked/exhausted (0 left) — skipping
overnight/drun_continuous.log:8796:    🔒 OpenRouter locked/exhausted (0 left) — skipping
overnight/drun_continuous.log:8803:    🔒 OpenRouter locked/exhausted (0 left) — skipping
overnight/drun_continuous.log:8856:    🔒 OpenRouter locked/exhausted (0 left) — skipping
overnight/drun_continuous.log:8865:    🔒 OpenRouter locked/exhausted (0 left) — skipping
overnight/drun_continuous.log:8872:    🔒 OpenRouter locked/exhausted (0 left) — skipping
overnight/drun_continuous.log:8878:    🔒 OpenRouter locked/exhausted (0 left) — skipping
overnight/drun_continuous.log:8885:    🔒 OpenRouter locked/exhausted (0 left) — skipping
overnight/drun_continuous.log:8891:    🔒 OpenRouter locked/exhausted (0 left) — skipping
overnight/drun_continuous.log:8898:    🔒 OpenRouter locked/exhausted (0 left) — skipping
overnight/drun_continuous.log:8904:    🔒 OpenRouter locked/exhausted (0 left) — skipping
overnight/drun_continuous.log:8908:    🔒 OpenRouter locked/exhausted (0 left) — skipping
overnight/drun_continuous.log:8915:    🔒 OpenRouter locked/exhausted (0 left) — skipping
overnight/drun_continuous.log:8920:    🔒 OpenRouter locked/exhausted (0 left) — skipping
overnight/drun_continuous.log:8926:    🔒 OpenRouter locked/exhausted (0 left) — skipping
overnight/drun_continuous.log:8933:    🔒 OpenRouter locked/exhausted (0 left) — skipping
overnight/drun_continuous.log:8940:    🔒 OpenRouter locked/exhausted (0 left) — skipping
overnight/drun_continuous.log:8946:    🔒 OpenRouter locked/exhausted (0 left) — skipping
overnight/drun_continuous.log:8953:    🔒 OpenRouter locked/exhausted (0 left) — skipping
overnight/drun_continuous.log:8959:    🔒 OpenRouter locked/exhausted (0 left) — skipping
overnight/drun_continuous.log:8966:    🔒 OpenRouter locked/exhausted (0 left) — skipping
overnight/drun_continuous.log:8973:    🔒 OpenRouter locked/exhausted (0 left) — skipping
overnight/drun_continuous.log:8979:    🔒 OpenRouter locked/exhausted (0 left) — skipping
overnight/drun_continuous.log:8991:    🔒 OpenRouter locked/exhausted (0 left) — skipping
overnight/drun_continuous.log:8997:    🔒 OpenRouter locked/exhausted (0 left) — skipping
overnight/drun_continuous.log:9001:    🔒 OpenRouter locked/exhausted (0 left) — skipping
overnight/drun_continuous.log:9008:    🔒 OpenRouter locked/exhausted (0 left) — skipping
overnight/drun_continuous.log:9014:    🔒 OpenRouter locked/exhausted (0 left) — skipping
overnight/drun_continuous.log:9022:    🔒 OpenRouter locked/exhausted (0 left) — skipping
overnight/drun_continuous.log:9028:    🔒 OpenRouter locked/exhausted (0 left) — skipping
overnight/drun_continuous.log:9035:    🔒 OpenRouter locked/exhausted (0 left) — skipping
overnight/drun_continuous.log:9043:    🔒 OpenRouter locked/exhausted (0 left) — skipping
overnight/drun_continuous.log:9050:    🔒 OpenRouter locked/exhausted (0 left) — skipping
overnight/drun_continuous.log:9057:    🔒 OpenRouter locked/exhausted (0 left) — skipping
overnight/drun_continuous.log:9063:    🔒 OpenRouter locked/exhausted (0 left) — skipping
overnight/drun_continuous.log:9070:    🔒 OpenRouter locked/exhausted (0 left) — skipping
overnight/drun_continuous.log:9076:    🔒 OpenRouter locked/exhausted (0 left) — skipping
overnight/drun_continuous.log:9082:    🔒 OpenRouter locked/exhausted (0 left) — skipping
overnight/drun_continuous.log:9136:    🔒 OpenRouter locked/exhausted (0 left) — skipping
overnight/drun_continuous.log:9144:    🔒 OpenRouter locked/exhausted (0 left) — skipping
overnight/drun_continuous.log:9151:    🔒 OpenRouter locked/exhausted (0 left) — skipping
overnight/drun_continuous.log:9157:    🔒 OpenRouter locked/exhausted (0 left) — skipping
overnight/drun_continuous.log:9164:    🔒 OpenRouter locked/exhausted (0 left) — skipping
overnight/drun_continuous.log:9170:    🔒 OpenRouter locked/exhausted (0 left) — skipping
overnight/drun_continuous.log:9177:    🔒 OpenRouter locked/exhausted (0 left) — skipping
overnight/drun_continuous.log:9183:    🔒 OpenRouter locked/exhausted (0 left) — skipping
overnight/drun_continuous.log:9190:    🔒 OpenRouter locked/exhausted (0 left) — skipping
overnight/drun_continuous.log:9196:    🔒 OpenRouter locked/exhausted (0 left) — skipping
overnight/drun_continuous.log:9203:    🔒 OpenRouter locked/exhausted (0 left) — skipping
overnight/drun_continuous.log:9209:    🔒 OpenRouter locked/exhausted (0 left) — skipping
overnight/drun_continuous.log:9216:    🔒 OpenRouter locked/exhausted (0 left) — skipping
overnight/drun_continuous.log:9222:    🔒 OpenRouter locked/exhausted (0 left) — skipping
overnight/drun_continuous.log:9226:    🔒 OpenRouter locked/exhausted (0 left) — skipping
overnight/drun_continuous.log:9231:    🔒 OpenRouter locked/exhausted (0 left) — skipping
overnight/drun_continuous.log:9235:    🔒 OpenRouter locked/exhausted (0 left) — skipping
overnight/drun_continuous.log:9240:    🔒 OpenRouter locked/exhausted (0 left) — skipping
overnight/drun_continuous.log:9247:    🔒 OpenRouter locked/exhausted (0 left) — skipping
overnight/drun_continuous.log:9259:    🔒 OpenRouter locked/exhausted (0 left) — skipping
overnight/drun_continuous.log:9266:    🔒 OpenRouter locked/exhausted (0 left) — skipping
overnight/drun_continuous.log:9271:    🔒 OpenRouter locked/exhausted (0 left) — skipping
overnight/drun_continuous.log:9278:    🔒 OpenRouter locked/exhausted (0 left) — skipping
overnight/drun_continuous.log:9286:    🔒 OpenRouter locked/exhausted (0 left) — skipping
overnight/drun_continuous.log:9292:    🔒 OpenRouter locked/exhausted (0 left) — skipping
overnight/drun_continuous.log:9300:    🔒 OpenRouter locked/exhausted (0 left) — skipping
overnight/drun_continuous.log:9306:    🔒 OpenRouter locked/exhausted (0 left) — skipping
overnight/drun_continuous.log:9310:    🔒 OpenRouter locked/exhausted (0 left) — skipping
overnight/drun_continuous.log:9317:    🔒 OpenRouter locked/exhausted (0 left) — skipping
overnight/drun_continuous.log:9323:    🔒 OpenRouter locked/exhausted (0 left) — skipping
overnight/drun_continuous.log:9331:    🔒 OpenRouter locked/exhausted (0 left) — skipping
overnight/drun_continuous.log:9337:    🔒 OpenRouter locked/exhausted (0 left) — skipping
overnight/drun_continuous.log:9344:    🔒 OpenRouter locked/exhausted (0 left) — skipping
overnight/drun_continuous.log:9352:    🔒 OpenRouter locked/exhausted (0 left) — skipping
overnight/drun_continuous.log:9359:    🔒 OpenRouter locked/exhausted (0 left) — skipping
overnight/drun_continuous.log:9412:    🔒 OpenRouter locked/exhausted (0 left) — skipping
overnight/drun_continuous.log:9421:    🔒 OpenRouter locked/exhausted (0 left) — skipping
overnight/drun_continuous.log:9428:    🔒 OpenRouter locked/exhausted (0 left) — skipping
overnight/drun_continuous.log:9434:    🔒 OpenRouter locked/exhausted (0 left) — skipping
overnight/drun_continuous.log:9441:    🔒 OpenRouter locked/exhausted (0 left) — skipping
overnight/drun_continuous.log:9447:    🔒 OpenRouter locked/exhausted (0 left) — skipping
overnight/drun_continuous.log:9454:    🔒 OpenRouter locked/exhausted (0 left) — skipping
overnight/drun_continuous.log:9460:    🔒 OpenRouter locked/exhausted (0 left) — skipping
overnight/drun_continuous.log:9465:    🔒 OpenRouter locked/exhausted (0 left) — skipping
overnight/drun_continuous.log:9471:    🔒 OpenRouter locked/exhausted (0 left) — skipping
overnight/drun_continuous.log:9478:    🔒 OpenRouter locked/exhausted (0 left) — skipping
overnight/drun_continuous.log:9485:    🔒 OpenRouter locked/exhausted (0 left) — skipping
overnight/drun_continuous.log:9491:    🔒 OpenRouter locked/exhausted (0 left) — skipping
overnight/drun_continuous.log:9498:    🔒 OpenRouter locked/exhausted (0 left) — skipping
overnight/drun_continuous.log:9502:    🔒 OpenRouter locked/exhausted (0 left) — skipping
overnight/drun_continuous.log:9509:    🔒 OpenRouter locked/exhausted (0 left) — skipping
overnight/drun_continuous.log:9516:    🔒 OpenRouter locked/exhausted (0 left) — skipping
overnight/drun_continuous.log:9523:    🔒 OpenRouter locked/exhausted (0 left) — skipping
overnight/drun_continuous.log:9529:    🔒 OpenRouter locked/exhausted (0 left) — skipping
overnight/drun_continuous.log:9536:    🔒 OpenRouter locked/exhausted (0 left) — skipping
overnight/drun_continuous.log:9548:    🔒 OpenRouter locked/exhausted (0 left) — skipping
overnight/drun_continuous.log:9554:    🔒 OpenRouter locked/exhausted (0 left) — skipping
overnight/drun_continuous.log:9558:    🔒 OpenRouter locked/exhausted (0 left) — skipping
overnight/drun_continuous.log:9565:    🔒 OpenRouter locked/exhausted (0 left) — skipping
overnight/drun_continuous.log:9571:    🔒 OpenRouter locked/exhausted (0 left) — skipping
overnight/drun_continuous.log:9625:    🔒 OpenRouter locked/exhausted (0 left) — skipping
overnight/drun_continuous.log:9633:    🔒 OpenRouter locked/exhausted (0 left) — skipping
overnight/drun_continuous.log:9640:    🔒 OpenRouter locked/exhausted (0 left) — skipping
overnight/drun_continuous.log:9646:    🔒 OpenRouter locked/exhausted (0 left) — skipping
overnight/drun_continuous.log:9653:    🔒 OpenRouter locked/exhausted (0 left) — skipping
overnight/drun_continuous.log:9659:    🔒 OpenRouter locked/exhausted (0 left) — skipping
overnight/drun_continuous.log:9666:    🔒 OpenRouter locked/exhausted (0 left) — skipping
overnight/drun_continuous.log:9672:    🔒 OpenRouter locked/exhausted (0 left) — skipping
overnight/drun_continuous.log:9677:    🔒 OpenRouter locked/exhausted (0 left) — skipping
overnight/drun_continuous.log:9683:    🔒 OpenRouter locked/exhausted (0 left) — skipping
overnight/drun_continuous.log:9690:    🔒 OpenRouter locked/exhausted (0 left) — skipping
overnight/drun_continuous.log:9697:    🔒 OpenRouter locked/exhausted (0 left) — skipping
overnight/drun_continuous.log:9703:    🔒 OpenRouter locked/exhausted (0 left) — skipping
overnight/drun_continuous.log:9710:    🔒 OpenRouter locked/exhausted (0 left) — skipping
overnight/drun_continuous.log:9714:    🔒 OpenRouter locked/exhausted (0 left) — skipping
overnight/drun_continuous.log:9721:    🔒 OpenRouter locked/exhausted (0 left) — skipping
overnight/drun_continuous.log:9728:    🔒 OpenRouter locked/exhausted (0 left) — skipping
overnight/drun_continuous.log:9735:    🔒 OpenRouter locked/exhausted (0 left) — skipping
overnight/drun_continuous.log:9741:    🔒 OpenRouter locked/exhausted (0 left) — skipping
overnight/drun_continuous.log:9748:    🔒 OpenRouter locked/exhausted (0 left) — skipping
overnight/drun_continuous.log:9803:    🔒 OpenRouter locked/exhausted (0 left) — skipping
overnight/drun_continuous.log:9811:    🔒 OpenRouter locked/exhausted (0 left) — skipping
overnight/drun_continuous.log:9816:    🔒 OpenRouter locked/exhausted (0 left) — skipping
overnight/drun_continuous.log:9822:    🔒 OpenRouter locked/exhausted (0 left) — skipping
overnight/drun_continuous.log:9829:    🔒 OpenRouter locked/exhausted (0 left) — skipping
overnight/drun_continuous.log:9836:    🔒 OpenRouter locked/exhausted (0 left) — skipping
overnight/drun_continuous.log:9842:    🔒 OpenRouter locked/exhausted (0 left) — skipping
overnight/drun_continuous.log:9849:    🔒 OpenRouter locked/exhausted (0 left) — skipping
overnight/drun_continuous.log:9856:    🔒 OpenRouter locked/exhausted (0 left) — skipping
overnight/drun_continuous.log:9862:    🔒 OpenRouter locked/exhausted (0 left) — skipping
overnight/drun_continuous.log:9866:    🔒 OpenRouter locked/exhausted (0 left) — skipping
overnight/drun_continuous.log:9873:    🔒 OpenRouter locked/exhausted (0 left) — skipping
overnight/drun_continuous.log:9880:    🔒 OpenRouter locked/exhausted (0 left) — skipping
overnight/drun_continuous.log:9887:    🔒 OpenRouter locked/exhausted (0 left) — skipping
overnight/drun_continuous.log:9894:    🔒 OpenRouter locked/exhausted (0 left) — skipping
overnight/drun_continuous.log:9901:    🔒 OpenRouter locked/exhausted (0 left) — skipping
overnight/drun_continuous.log:9908:    🔒 OpenRouter locked/exhausted (0 left) — skipping
overnight/drun_continuous.log:9914:    🔒 OpenRouter locked/exhausted (0 left) — skipping
overnight/drun_continuous.log:9921:    🔒 OpenRouter locked/exhausted (0 left) — skipping
overnight/drun_continuous.log:9927:    🔒 OpenRouter locked/exhausted (0 left) — skipping
overnight/drun_continuous.log:9939:    🔒 OpenRouter locked/exhausted (0 left) — skipping
overnight/drun_continuous.log:9944:    🔒 OpenRouter locked/exhausted (0 left) — skipping
overnight/drun_continuous.log:9951:    🔒 OpenRouter locked/exhausted (0 left) — skipping
overnight/drun_continuous.log:9957:    🔒 OpenRouter locked/exhausted (0 left) — skipping
overnight/drun_continuous.log:9962:    🔒 OpenRouter locked/exhausted (0 left) — skipping
overnight/drun_continuous.log:9968:    🔒 OpenRouter locked/exhausted (0 left) — skipping
overnight/drun_continuous.log:9976:    🔒 OpenRouter locked/exhausted (0 left) — skipping
overnight/drun_continuous.log:9982:    🔒 OpenRouter locked/exhausted (0 left) — skipping
overnight/drun_continuous.log:9986:    🔒 OpenRouter locked/exhausted (0 left) — skipping
overnight/drun_continuous.log:9994:    🔒 OpenRouter locked/exhausted (0 left) — skipping
overnight/drun_continuous.log:10001:    🔒 OpenRouter locked/exhausted (0 left) — skipping
overnight/drun_continuous.log:10008:    🔒 OpenRouter locked/exhausted (0 left) — skipping
overnight/drun_continuous.log:10018:    🔒 OpenRouter locked/exhausted (0 left) — skipping
overnight/drun_continuous.log:10025:    🔒 OpenRouter locked/exhausted (0 left) — skipping
overnight/drun_continuous.log:10029:    🔒 OpenRouter locked/exhausted (0 left) — skipping
overnight/drun_continuous.log:10037:    🔒 OpenRouter locked/exhausted (0 left) — skipping
overnight/drun_continuous.log:10044:    🔒 OpenRouter locked/exhausted (0 left) — skipping
overnight/drun_continuous.log:10051:    🔒 OpenRouter locked/exhausted (0 left) — skipping
overnight/drun_continuous.log:10058:    🔒 OpenRouter locked/exhausted (0 left) — skipping
overnight/drun_continuous.log:10063:    🔒 OpenRouter locked/exhausted (0 left) — skipping
overnight/drun_continuous.log:10070:    🔒 OpenRouter locked/exhausted (0 left) — skipping
overnight/drun_continuous.log:10075:    🔒 OpenRouter locked/exhausted (0 left) — skipping
overnight/drun_continuous.log:10082:    🔒 OpenRouter locked/exhausted (0 left) — skipping
overnight/drun_continuous.log:10136:    🔒 OpenRouter locked/exhausted (0 left) — skipping
overnight/drun_continuous.log:10144:    🔒 OpenRouter locked/exhausted (0 left) — skipping
overnight/drun_continuous.log:10150:    🔒 OpenRouter locked/exhausted (0 left) — skipping
overnight/drun_continuous.log:10157:    🔒 OpenRouter locked/exhausted (0 left) — skipping
overnight/drun_continuous.log:10164:    🔒 OpenRouter locked/exhausted (0 left) — skipping
overnight/drun_continuous.log:10170:    🔒 OpenRouter locked/exhausted (0 left) — skipping
overnight/drun_continuous.log:10177:    🔒 OpenRouter locked/exhausted (0 left) — skipping
overnight/drun_continuous.log:10183:    🔒 OpenRouter locked/exhausted (0 left) — skipping
overnight/drun_continuous.log:10190:    🔒 OpenRouter locked/exhausted (0 left) — skipping
overnight/drun_continuous.log:10196:    🔒 OpenRouter locked/exhausted (0 left) — skipping
overnight/drun_continuous.log:10201:    🔒 OpenRouter locked/exhausted (0 left) — skipping
overnight/drun_continuous.log:10207:    🔒 OpenRouter locked/exhausted (0 left) — skipping
overnight/drun_continuous.log:10214:    🔒 OpenRouter locked/exhausted (0 left) — skipping
overnight/drun_continuous.log:10221:    🔒 OpenRouter locked/exhausted (0 left) — skipping
overnight/drun_continuous.log:10225:    🔒 OpenRouter locked/exhausted (0 left) — skipping
overnight/drun_continuous.log:10231:    🔒 OpenRouter locked/exhausted (0 left) — skipping
overnight/drun_continuous.log:10238:    🔒 OpenRouter locked/exhausted (0 left) — skipping
overnight/drun_continuous.log:10244:    🔒 OpenRouter locked/exhausted (0 left) — skipping
overnight/drun_continuous.log:10251:    🔒 OpenRouter locked/exhausted (0 left) — skipping
overnight/drun_continuous.log:10258:    🔒 OpenRouter locked/exhausted (0 left) — skipping
overnight/drun_continuous.log:10269:    🔒 OpenRouter locked/exhausted (0 left) — skipping
overnight/drun_continuous.log:10274:    🔒 OpenRouter locked/exhausted (0 left) — skipping
overnight/drun_continuous.log:10281:    🔒 OpenRouter locked/exhausted (0 left) — skipping
overnight/drun_continuous.log:10287:    🔒 OpenRouter locked/exhausted (0 left) — skipping
overnight/drun_continuous.log:10293:    🔒 OpenRouter locked/exhausted (0 left) — skipping
overnight/drun_continuous.log:10301:    🔒 OpenRouter locked/exhausted (0 left) — skipping
overnight/drun_continuous.log:10308:    🔒 OpenRouter locked/exhausted (0 left) — skipping
overnight/drun_continuous.log:10314:    🔒 OpenRouter locked/exhausted (0 left) — skipping
overnight/drun_continuous.log:10321:    🔒 OpenRouter locked/exhausted (0 left) — skipping
overnight/drun_continuous.log:10329:    🔒 OpenRouter locked/exhausted (0 left) — skipping
overnight/drun_continuous.log:10336:    🔒 OpenRouter locked/exhausted (0 left) — skipping
overnight/drun_continuous.log:10389:    🔒 OpenRouter locked/exhausted (0 left) — skipping
overnight/drun_continuous.log:10397:    🔒 OpenRouter locked/exhausted (0 left) — skipping
overnight/drun_continuous.log:10404:    🔒 OpenRouter locked/exhausted (0 left) — skipping
overnight/drun_continuous.log:10410:    🔒 OpenRouter locked/exhausted (0 left) — skipping
overnight/drun_continuous.log:10417:    🔒 OpenRouter locked/exhausted (0 left) — skipping
overnight/drun_continuous.log:10423:    🔒 OpenRouter locked/exhausted (0 left) — skipping
overnight/drun_continuous.log:10430:    🔒 OpenRouter locked/exhausted (0 left) — skipping
overnight/drun_continuous.log:10437:    🔒 OpenRouter locked/exhausted (0 left) — skipping
overnight/drun_continuous.log:10441:    🔒 OpenRouter locked/exhausted (0 left) — skipping
overnight/drun_continuous.log:10448:    🔒 OpenRouter locked/exhausted (0 left) — skipping
overnight/drun_continuous.log:10453:    🔒 OpenRouter locked/exhausted (0 left) — skipping
overnight/drun_continuous.log:10459:    🔒 OpenRouter locked/exhausted (0 left) — skipping
overnight/drun_continuous.log:10466:    🔒 OpenRouter locked/exhausted (0 left) — skipping
overnight/drun_continuous.log:10473:    🔒 OpenRouter locked/exhausted (0 left) — skipping
overnight/drun_continuous.log:10479:    🔒 OpenRouter locked/exhausted (0 left) — skipping
overnight/drun_continuous.log:10486:    🔒 OpenRouter locked/exhausted (0 left) — skipping
overnight/drun_continuous.log:10492:    🔒 OpenRouter locked/exhausted (0 left) — skipping
overnight/drun_continuous.log:10499:    🔒 OpenRouter locked/exhausted (0 left) — skipping
overnight/drun_continuous.log:10506:    🔒 OpenRouter locked/exhausted (0 left) — skipping
overnight/drun_continuous.log:10512:    🔒 OpenRouter locked/exhausted (0 left) — skipping
overnight/drun_continuous.log:10524:    🔒 OpenRouter locked/exhausted (0 left) — skipping
overnight/drun_continuous.log:10530:    🔒 OpenRouter locked/exhausted (0 left) — skipping
overnight/drun_continuous.log:10534:    🔒 OpenRouter locked/exhausted (0 left) — skipping
overnight/drun_continuous.log:10541:    🔒 OpenRouter locked/exhausted (0 left) — skipping
overnight/drun_continuous.log:10547:    🔒 OpenRouter locked/exhausted (0 left) — skipping
overnight/drun_continuous.log:10554:    🔒 OpenRouter locked/exhausted (0 left) — skipping
overnight/drun_continuous.log:10560:    🔒 OpenRouter locked/exhausted (0 left) — skipping
overnight/drun_continuous.log:10564:    🔒 OpenRouter locked/exhausted (0 left) — skipping
overnight/drun_continuous.log:10572:    🔒 OpenRouter locked/exhausted (0 left) — skipping
overnight/drun_continuous.log:10579:    🔒 OpenRouter locked/exhausted (0 left) — skipping
overnight/drun_continuous.log:10586:    🔒 OpenRouter locked/exhausted (0 left) — skipping
overnight/drun_continuous.log:10639:    🔒 OpenRouter locked/exhausted (0 left) — skipping
overnight/drun_continuous.log:10646:    🔒 OpenRouter locked/exhausted (0 left) — skipping
overnight/drun_continuous.log:10652:    🔒 OpenRouter locked/exhausted (0 left) — skipping
overnight/drun_continuous.log:10659:    🔒 OpenRouter locked/exhausted (0 left) — skipping
overnight/drun_continuous.log:10665:    🔒 OpenRouter locked/exhausted (0 left) — skipping
overnight/drun_continuous.log:10672:    🔒 OpenRouter locked/exhausted (0 left) — skipping
overnight/drun_continuous.log:10679:    🔒 OpenRouter locked/exhausted (0 left) — skipping
overnight/drun_continuous.log:10685:    🔒 OpenRouter locked/exhausted (0 left) — skipping
overnight/drun_continuous.log:10692:    🔒 OpenRouter locked/exhausted (0 left) — skipping
overnight/drun_continuous.log:10698:    🔒 OpenRouter locked/exhausted (0 left) — skipping
overnight/drun_continuous.log:10702:    🔒 OpenRouter locked/exhausted (0 left) — skipping
overnight/drun_continuous.log:10709:    🔒 OpenRouter locked/exhausted (0 left) — skipping
overnight/drun_continuous.log:10714:    🔒 OpenRouter locked/exhausted (0 left) — skipping
overnight/drun_continuous.log:10720:    🔒 OpenRouter locked/exhausted (0 left) — skipping
overnight/drun_continuous.log:10727:    🔒 OpenRouter locked/exhausted (0 left) — skipping
overnight/drun_continuous.log:10734:    🔒 OpenRouter locked/exhausted (0 left) — skipping
overnight/drun_continuous.log:10740:    🔒 OpenRouter locked/exhausted (0 left) — skipping
overnight/drun_continuous.log:10747:    🔒 OpenRouter locked/exhausted (0 left) — skipping
overnight/drun_continuous.log:10753:    🔒 OpenRouter locked/exhausted (0 left) — skipping
overnight/drun_continuous.log:10760:    🔒 OpenRouter locked/exhausted (0 left) — skipping
overnight/drun_continuous.log:10772:    🔒 OpenRouter locked/exhausted (0 left) — skipping
overnight/drun_continuous.log:10778:    🔒 OpenRouter locked/exhausted (0 left) — skipping
overnight/drun_continuous.log:10782:    🔒 OpenRouter locked/exhausted (0 left) — skipping
overnight/drun_continuous.log:10789:    🔒 OpenRouter locked/exhausted (0 left) — skipping
overnight/drun_continuous.log:10795:    🔒 OpenRouter locked/exhausted (0 left) — skipping
overnight/drun_continuous.log:10803:    🔒 OpenRouter locked/exhausted (0 left) — skipping
overnight/drun_continuous.log:10809:    🔒 OpenRouter locked/exhausted (0 left) — skipping
overnight/drun_continuous.log:10816:    🔒 OpenRouter locked/exhausted (0 left) — skipping
overnight/drun_continuous.log:10824:    🔒 OpenRouter locked/exhausted (0 left) — skipping
overnight/drun_continuous.log:10831:    🔒 OpenRouter locked/exhausted (0 left) — skipping
overnight/drun_continuous.log:10838:    🔒 OpenRouter locked/exhausted (0 left) — skipping
overnight/drun_continuous.log:10844:    🔒 OpenRouter locked/exhausted (0 left) — skipping
overnight/drun_continuous.log:10851:    🔒 OpenRouter locked/exhausted (0 left) — skipping
overnight/drun_continuous.log:10859:    🔒 OpenRouter locked/exhausted (0 left) — skipping
overnight/drun_continuous.log:10866:    🔒 OpenRouter locked/exhausted (0 left) — skipping
overnight/drun_continuous.log:10873:    🔒 OpenRouter locked/exhausted (0 left) — skipping
overnight/drun_continuous.log:10878:    🔒 OpenRouter locked/exhausted (0 left) — skipping
overnight/drun_continuous.log:10885:    🔒 OpenRouter locked/exhausted (0 left) — skipping
overnight/drun_continuous.log:10891:    🔒 OpenRouter locked/exhausted (0 left) — skipping
overnight/drun_continuous.log:10897:    🔒 OpenRouter locked/exhausted (0 left) — skipping
overnight/drun_continuous.log:10905:    🔒 OpenRouter locked/exhausted (0 left) — skipping
overnight/drun_continuous.log:10911:    🔒 OpenRouter locked/exhausted (0 left) — skipping
overnight/drun_continuous.log:10919:    🔒 OpenRouter locked/exhausted (0 left) — skipping
overnight/drun_continuous.log:10926:    🔒 OpenRouter locked/exhausted (0 left) — skipping
overnight/drun_continuous.log:10933:    🔒 OpenRouter locked/exhausted (0 left) — skipping
overnight/drun_continuous.log:10986:    🔒 OpenRouter locked/exhausted (0 left) — skipping
overnight/drun_continuous.log:10994:    🔒 OpenRouter locked/exhausted (0 left) — skipping
overnight/drun_continuous.log:11001:    🔒 OpenRouter locked/exhausted (0 left) — skipping
overnight/drun_continuous.log:11007:    🔒 OpenRouter locked/exhausted (0 left) — skipping
overnight/drun_continuous.log:11015:    🔒 OpenRouter locked/exhausted (0 left) — skipping
overnight/drun_continuous.log:11021:    🔒 OpenRouter locked/exhausted (0 left) — skipping
overnight/drun_continuous.log:11028:    🔒 OpenRouter locked/exhausted (0 left) — skipping
overnight/drun_continuous.log:11034:    🔒 OpenRouter locked/exhausted (0 left) — skipping
overnight/drun_continuous.log:11041:    🔒 OpenRouter locked/exhausted (0 left) — skipping
overnight/drun_continuous.log:11047:    🔒 OpenRouter locked/exhausted (0 left) — skipping
overnight/drun_continuous.log:11051:    🔒 OpenRouter locked/exhausted (0 left) — skipping
overnight/drun_continuous.log:11058:    🔒 OpenRouter locked/exhausted (0 left) — skipping
overnight/drun_continuous.log:11065:    🔒 OpenRouter locked/exhausted (0 left) — skipping
overnight/drun_continuous.log:11072:    🔒 OpenRouter locked/exhausted (0 left) — skipping
overnight/drun_continuous.log:11076:    🔒 OpenRouter locked/exhausted (0 left) — skipping
overnight/drun_continuous.log:11082:    🔒 OpenRouter locked/exhausted (0 left) — skipping
overnight/drun_continuous.log:11089:    🔒 OpenRouter locked/exhausted (0 left) — skipping
overnight/drun_continuous.log:11095:    🔒 OpenRouter locked/exhausted (0 left) — skipping
overnight/drun_continuous.log:11102:    🔒 OpenRouter locked/exhausted (0 left) — skipping
overnight/drun_continuous.log:11109:    🔒 OpenRouter locked/exhausted (0 left) — skipping
overnight/drun_continuous.log:11120:    🔒 OpenRouter locked/exhausted (0 left) — skipping
overnight/drun_continuous.log:11127:    🔒 OpenRouter locked/exhausted (0 left) — skipping
overnight/drun_continuous.log:11131:    🔒 OpenRouter locked/exhausted (0 left) — skipping
overnight/drun_continuous.log:11138:    🔒 OpenRouter locked/exhausted (0 left) — skipping
overnight/drun_continuous.log:11146:    🔒 OpenRouter locked/exhausted (0 left) — skipping
overnight/drun_continuous.log:11153:    🔒 OpenRouter locked/exhausted (0 left) — skipping
overnight/drun_continuous.log:11160:    🔒 OpenRouter locked/exhausted (0 left) — skipping
overnight/drun_continuous.log:11165:    🔒 OpenRouter locked/exhausted (0 left) — skipping
overnight/drun_continuous.log:11172:    🔒 OpenRouter locked/exhausted (0 left) — skipping
overnight/drun_continuous.log:11178:    🔒 OpenRouter locked/exhausted (0 left) — skipping
overnight/drun_continuous.log:11184:    🔒 OpenRouter locked/exhausted (0 left) — skipping
overnight/drun_continuous.log:11192:    🔒 OpenRouter locked/exhausted (0 left) — skipping
overnight/drun_continuous.log:11198:    🔒 OpenRouter locked/exhausted (0 left) — skipping
overnight/drun_continuous.log:11205:    🔒 OpenRouter locked/exhausted (0 left) — skipping
overnight/drun_continuous.log:11210:    🔒 OpenRouter locked/exhausted (0 left) — skipping
overnight/drun_continuous.log:11214:    🔒 OpenRouter locked/exhausted (0 left) — skipping
overnight/drun_continuous.log:11222:    🔒 OpenRouter locked/exhausted (0 left) — skipping
overnight/drun_continuous.log:11229:    🔒 OpenRouter locked/exhausted (0 left) — skipping
overnight/drun_continuous.log:11234:    🔒 OpenRouter locked/exhausted (0 left) — skipping
overnight/drun_continuous.log:11241:    🔒 OpenRouter locked/exhausted (0 left) — skipping
overnight/drun_continuous.log:11248:    🔒 OpenRouter locked/exhausted (0 left) — skipping
overnight/drun_continuous.log:11255:    🔒 OpenRouter locked/exhausted (0 left) — skipping
overnight/drun_continuous.log:11261:    🔒 OpenRouter locked/exhausted (0 left) — skipping
overnight/drun_continuous.log:11266:    🔒 OpenRouter locked/exhausted (0 left) — skipping
overnight/drun_continuous.log:11273:    🔒 OpenRouter locked/exhausted (0 left) — skipping
overnight/drun_continuous.log:11281:    🔒 OpenRouter locked/exhausted (0 left) — skipping
overnight/drun_continuous.log:11288:    🔒 OpenRouter locked/exhausted (0 left) — skipping
overnight/drun_continuous.log:11295:    🔒 OpenRouter locked/exhausted (0 left) — skipping
overnight/drun_continuous.log:11302:    🔒 OpenRouter locked/exhausted (0 left) — skipping
overnight/drun_continuous.log:11306:    🔒 OpenRouter locked/exhausted (0 left) — skipping
overnight/drun_continuous.log:11314:    🔒 OpenRouter locked/exhausted (0 left) — skipping
overnight/drun_continuous.log:11321:    🔒 OpenRouter locked/exhausted (0 left) — skipping
overnight/drun_continuous.log:11328:    🔒 OpenRouter locked/exhausted (0 left) — skipping
overnight/drun_continuous.log:11389:    🔒 OpenRouter locked/exhausted (0 left) — skipping
overnight/drun_continuous.log:11397:    🔒 OpenRouter locked/exhausted (0 left) — skipping
overnight/drun_continuous.log:11404:    🔒 OpenRouter locked/exhausted (0 left) — skipping
overnight/drun_continuous.log:11410:    🔒 OpenRouter locked/exhausted (0 left) — skipping
overnight/drun_continuous.log:11417:    🔒 OpenRouter locked/exhausted (0 left) — skipping
overnight/drun_continuous.log:11423:    🔒 OpenRouter locked/exhausted (0 left) — skipping
overnight/drun_continuous.log:11430:    🔒 OpenRouter locked/exhausted (0 left) — skipping
overnight/drun_continuous.log:11436:    🔒 OpenRouter locked/exhausted (0 left) — skipping
overnight/drun_continuous.log:11443:    🔒 OpenRouter locked/exhausted (0 left) — skipping
overnight/drun_continuous.log:11449:    🔒 OpenRouter locked/exhausted (0 left) — skipping
overnight/drun_continuous.log:11456:    🔒 OpenRouter locked/exhausted (0 left) — skipping
overnight/drun_continuous.log:11466:    🔒 OpenRouter locked/exhausted (0 left) — skipping
overnight/drun_continuous.log:11471:    🔒 OpenRouter locked/exhausted (0 left) — skipping
overnight/drun_continuous.log:11481:    🔒 OpenRouter locked/exhausted (0 left) — skipping
overnight/drun_continuous.log:11486:    🔒 OpenRouter locked/exhausted (0 left) — skipping
overnight/drun_continuous.log:11493:    🔒 OpenRouter locked/exhausted (0 left) — skipping
overnight/drun_continuous.log:11499:    🔒 OpenRouter locked/exhausted (0 left) — skipping
overnight/drun_continuous.log:11505:    🔒 OpenRouter locked/exhausted (0 left) — skipping
overnight/drun_continuous.log:11512:    🔒 OpenRouter locked/exhausted (0 left) — skipping
overnight/drun_continuous.log:11522:    🔒 OpenRouter locked/exhausted (0 left) — skipping
overnight/drun_continuous.log:11530:    🔒 OpenRouter locked/exhausted (0 left) — skipping
overnight/drun_continuous.log:11538:    🔒 OpenRouter locked/exhausted (0 left) — skipping
overnight/drun_continuous.log:11545:    🔒 OpenRouter locked/exhausted (0 left) — skipping
overnight/drun_continuous.log:11555:    🔒 OpenRouter locked/exhausted (0 left) — skipping
overnight/drun_continuous.log:11561:    🔒 OpenRouter locked/exhausted (0 left) — skipping
overnight/drun_continuous.log:11570:    🔒 OpenRouter locked/exhausted (0 left) — skipping
overnight/drun_continuous.log:11575:    🔒 OpenRouter locked/exhausted (0 left) — skipping
overnight/drun_continuous.log:11584:    🔒 OpenRouter locked/exhausted (0 left) — skipping
overnight/drun_continuous.log:11591:    🔒 OpenRouter locked/exhausted (0 left) — skipping
overnight/drun_continuous.log:11599:    🔒 OpenRouter locked/exhausted (0 left) — skipping
overnight/drun_continuous.log:11606:    🔒 OpenRouter locked/exhausted (0 left) — skipping
overnight/drun_continuous.log:11614:    🔒 OpenRouter locked/exhausted (0 left) — skipping
overnight/drun_continuous.log:11621:    🔒 OpenRouter locked/exhausted (0 left) — skipping
overnight/drun_continuous.log:11630:    🔒 OpenRouter locked/exhausted (0 left) — skipping
overnight/drun_continuous.log:11637:    🔒 OpenRouter locked/exhausted (0 left) — skipping
overnight/drun_continuous.log:11646:    🔒 OpenRouter locked/exhausted (0 left) — skipping
overnight/drun_continuous.log:11651:    🔒 OpenRouter locked/exhausted (0 left) — skipping
overnight/drun_continuous.log:11658:    🔒 OpenRouter locked/exhausted (0 left) — skipping
overnight/drun_continuous.log:11665:    🔒 OpenRouter locked/exhausted (0 left) — skipping
overnight/drun_continuous.log:11672:    🔒 OpenRouter locked/exhausted (0 left) — skipping
overnight/drun_continuous.log:11682:    🔒 OpenRouter locked/exhausted (0 left) — skipping
overnight/drun_continuous.log:11689:    🔒 OpenRouter locked/exhausted (0 left) — skipping
overnight/drun_continuous.log:11695:    🔒 OpenRouter locked/exhausted (0 left) — skipping
overnight/drun_continuous.log:11702:    🔒 OpenRouter locked/exhausted (0 left) — skipping
overnight/drun_continuous.log:11708:    🔒 OpenRouter locked/exhausted (0 left) — skipping
overnight/drun_continuous.log:11716:    🔒 OpenRouter locked/exhausted (0 left) — skipping
overnight/drun_continuous.log:11724:    🔒 OpenRouter locked/exhausted (0 left) — skipping
overnight/drun_continuous.log:11730:    🔒 OpenRouter locked/exhausted (0 left) — skipping
overnight/drun_continuous.log:11739:    🔒 OpenRouter locked/exhausted (0 left) — skipping
overnight/drun_continuous.log:11747:    🔒 OpenRouter locked/exhausted (0 left) — skipping
overnight/drun_continuous.log:11755:    🔒 OpenRouter locked/exhausted (0 left) — skipping
overnight/drun_continuous.log:11763:    🔒 OpenRouter locked/exhausted (0 left) — skipping
overnight/drun_continuous.log:11768:    🔒 OpenRouter locked/exhausted (0 left) — skipping
overnight/drun_continuous.log:11776:    🔒 OpenRouter locked/exhausted (0 left) — skipping
overnight/drun_continuous.log:11783:    🔒 OpenRouter locked/exhausted (0 left) — skipping
overnight/drun_continuous.log:11790:    🔒 OpenRouter locked/exhausted (0 left) — skipping
overnight/drun_continuous.log:11847:    🔒 OpenRouter locked/exhausted (0 left) — skipping
overnight/drun_continuous.log:11857:    🔒 OpenRouter locked/exhausted (0 left) — skipping
overnight/drun_continuous.log:11866:    🔒 OpenRouter locked/exhausted (0 left) — skipping
overnight/drun_continuous.log:11872:    🔒 OpenRouter locked/exhausted (0 left) — skipping
overnight/drun_continuous.log:11881:    🔒 OpenRouter locked/exhausted (0 left) — skipping
overnight/drun_continuous.log:11887:    🔒 OpenRouter locked/exhausted (0 left) — skipping
overnight/drun_continuous.log:11896:    🔒 OpenRouter locked/exhausted (0 left) — skipping
overnight/drun_continuous.log:11902:    🔒 OpenRouter locked/exhausted (0 left) — skipping
overnight/drun_continuous.log:11911:    🔒 OpenRouter locked/exhausted (0 left) — skipping
overnight/drun_continuous.log:11917:    🔒 OpenRouter locked/exhausted (0 left) — skipping
overnight/drun_continuous.log:11921:    🔒 OpenRouter locked/exhausted (0 left) — skipping
overnight/drun_continuous.log:11929:    🔒 OpenRouter locked/exhausted (0 left) — skipping
overnight/drun_continuous.log:11936:    🔒 OpenRouter locked/exhausted (0 left) — skipping
overnight/drun_continuous.log:11943:    🔒 OpenRouter locked/exhausted (0 left) — skipping
overnight/drun_continuous.log:11950:    🔒 OpenRouter locked/exhausted (0 left) — skipping
overnight/drun_continuous.log:11959:    🔒 OpenRouter locked/exhausted (0 left) — skipping
overnight/drun_continuous.log:11966:    🔒 OpenRouter locked/exhausted (0 left) — skipping
overnight/drun_continuous.log:11974:    🔒 OpenRouter locked/exhausted (0 left) — skipping
overnight/drun_continuous.log:11981:    🔒 OpenRouter locked/exhausted (0 left) — skipping
overnight/drun_continuous.log:11994:    🔒 OpenRouter locked/exhausted (0 left) — skipping
overnight/drun_continuous.log:11999:    🔒 OpenRouter locked/exhausted (0 left) — skipping
overnight/drun_continuous.log:12006:    🔒 OpenRouter locked/exhausted (0 left) — skipping
overnight/drun_continuous.log:12013:    🔒 OpenRouter locked/exhausted (0 left) — skipping
overnight/drun_continuous.log:12022:    🔒 OpenRouter locked/exhausted (0 left) — skipping
overnight/drun_continuous.log:12028:    🔒 OpenRouter locked/exhausted (0 left) — skipping
overnight/drun_continuous.log:12033:    🔒 OpenRouter locked/exhausted (0 left) — skipping
overnight/drun_continuous.log:12042:    🔒 OpenRouter locked/exhausted (0 left) — skipping
overnight/drun_continuous.log:12050:    🔒 OpenRouter locked/exhausted (0 left) — skipping
overnight/drun_continuous.log:12057:    🔒 OpenRouter locked/exhausted (0 left) — skipping
overnight/drun_continuous.log:12066:    🔒 OpenRouter locked/exhausted (0 left) — skipping
overnight/drun_continuous.log:12071:    🔒 OpenRouter locked/exhausted (0 left) — skipping
overnight/drun_continuous.log:12078:    🔒 OpenRouter locked/exhausted (0 left) — skipping
overnight/drun_continuous.log:12086:    🔒 OpenRouter locked/exhausted (0 left) — skipping
overnight/drun_continuous.log:12094:    🔒 OpenRouter locked/exhausted (0 left) — skipping
overnight/drun_continuous.log:12102:    🔒 OpenRouter locked/exhausted (0 left) — skipping
overnight/drun_continuous.log:12107:    🔒 OpenRouter locked/exhausted (0 left) — skipping
overnight/drun_continuous.log:12115:    🔒 OpenRouter locked/exhausted (0 left) — skipping
overnight/drun_continuous.log:12122:    🔒 OpenRouter locked/exhausted (0 left) — skipping
overnight/drun_continuous.log:12129:    🔒 OpenRouter locked/exhausted (0 left) — skipping
overnight/drun_continuous.log:12139:    🔒 OpenRouter locked/exhausted (0 left) — skipping
overnight/drun_continuous.log:12146:    🔒 OpenRouter locked/exhausted (0 left) — skipping
overnight/drun_continuous.log:12150:    🔒 OpenRouter locked/exhausted (0 left) — skipping
overnight/drun_continuous.log:12160:    🔒 OpenRouter locked/exhausted (0 left) — skipping
overnight/drun_continuous.log:12167:    🔒 OpenRouter locked/exhausted (0 left) — skipping
overnight/drun_continuous.log:12174:    🔒 OpenRouter locked/exhausted (0 left) — skipping
overnight/drun_continuous.log:12184:    🔒 OpenRouter locked/exhausted (0 left) — skipping
overnight/drun_continuous.log:12191:    🔒 OpenRouter locked/exhausted (0 left) — skipping
overnight/drun_continuous.log:12197:    🔒 OpenRouter locked/exhausted (0 left) — skipping
overnight/drun_continuous.log:12204:    🔒 OpenRouter locked/exhausted (0 left) — skipping
overnight/drun_continuous.log:12210:    🔒 OpenRouter locked/exhausted (0 left) — skipping
overnight/drun_continuous.log:12264:    🔒 OpenRouter locked/exhausted (0 left) — skipping
overnight/drun_continuous.log:12275:    🔒 OpenRouter locked/exhausted (0 left) — skipping
overnight/drun_continuous.log:12284:    🔒 OpenRouter locked/exhausted (0 left) — skipping
overnight/drun_continuous.log:12290:    🔒 OpenRouter locked/exhausted (0 left) — skipping
overnight/drun_continuous.log:12299:    🔒 OpenRouter locked/exhausted (0 left) — skipping
overnight/drun_continuous.log:12305:    🔒 OpenRouter locked/exhausted (0 left) — skipping
overnight/drun_continuous.log:12314:    🔒 OpenRouter locked/exhausted (0 left) — skipping
overnight/drun_continuous.log:12320:    🔒 OpenRouter locked/exhausted (0 left) — skipping
overnight/drun_continuous.log:12329:    🔒 OpenRouter locked/exhausted (0 left) — skipping
overnight/drun_continuous.log:12335:    🔒 OpenRouter locked/exhausted (0 left) — skipping
overnight/drun_continuous.log:12342:    🔒 OpenRouter locked/exhausted (0 left) — skipping
overnight/drun_continuous.log:12348:    🔒 OpenRouter locked/exhausted (0 left) — skipping
overnight/drun_continuous.log:12357:    🔒 OpenRouter locked/exhausted (0 left) — skipping
overnight/drun_continuous.log:12364:    🔒 OpenRouter locked/exhausted (0 left) — skipping
overnight/drun_continuous.log:12372:    🔒 OpenRouter locked/exhausted (0 left) — skipping
overnight/drun_continuous.log:12379:    🔒 OpenRouter locked/exhausted (0 left) — skipping
overnight/drun_continuous.log:12388:    🔒 OpenRouter locked/exhausted (0 left) — skipping
overnight/drun_continuous.log:12395:    🔒 OpenRouter locked/exhausted (0 left) — skipping
overnight/drun_continuous.log:12400:    🔒 OpenRouter locked/exhausted (0 left) — skipping
overnight/drun_continuous.log:12407:    🔒 OpenRouter locked/exhausted (0 left) — skipping
overnight/drun_continuous.log:12419:    🔒 OpenRouter locked/exhausted (0 left) — skipping
overnight/drun_continuous.log:12426:    🔒 OpenRouter locked/exhausted (0 left) — skipping
overnight/drun_continuous.log:12430:    🔒 OpenRouter locked/exhausted (0 left) — skipping
overnight/drun_continuous.log:12438:    🔒 OpenRouter locked/exhausted (0 left) — skipping
overnight/drun_continuous.log:12447:    🔒 OpenRouter locked/exhausted (0 left) — skipping
overnight/drun_continuous.log:12454:    🔒 OpenRouter locked/exhausted (0 left) — skipping
overnight/drun_continuous.log:12463:    🔒 OpenRouter locked/exhausted (0 left) — skipping
overnight/drun_continuous.log:12468:    🔒 OpenRouter locked/exhausted (0 left) — skipping
overnight/drun_continuous.log:12475:    🔒 OpenRouter locked/exhausted (0 left) — skipping
overnight/drun_continuous.log:12482:    🔒 OpenRouter locked/exhausted (0 left) — skipping
overnight/drun_continuous.log:12489:    🔒 OpenRouter locked/exhausted (0 left) — skipping
overnight/drun_continuous.log:12497:    🔒 OpenRouter locked/exhausted (0 left) — skipping
overnight/drun_continuous.log:12504:    🔒 OpenRouter locked/exhausted (0 left) — skipping
overnight/drun_continuous.log:12509:    🔒 OpenRouter locked/exhausted (0 left) — skipping
overnight/drun_continuous.log:12516:    🔒 OpenRouter locked/exhausted (0 left) — skipping
overnight/drun_continuous.log:12522:    🔒 OpenRouter locked/exhausted (0 left) — skipping
overnight/drun_continuous.log:12530:    🔒 OpenRouter locked/exhausted (0 left) — skipping
overnight/drun_continuous.log:12537:    🔒 OpenRouter locked/exhausted (0 left) — skipping
overnight/drun_continuous.log:12542:    🔒 OpenRouter locked/exhausted (0 left) — skipping
overnight/drun_continuous.log:12550:    🔒 OpenRouter locked/exhausted (0 left) — skipping
overnight/drun_continuous.log:12557:    🔒 OpenRouter locked/exhausted (0 left) — skipping
overnight/drun_continuous.log:12564:    🔒 OpenRouter locked/exhausted (0 left) — skipping
overnight/drun_continuous.log:12572:    🔒 OpenRouter locked/exhausted (0 left) — skipping
overnight/drun_continuous.log:12577:    🔒 OpenRouter locked/exhausted (0 left) — skipping
overnight/drun_continuous.log:12584:    🔒 OpenRouter locked/exhausted (0 left) — skipping
overnight/drun_continuous.log:12592:    🔒 OpenRouter locked/exhausted (0 left) — skipping
overnight/drun_continuous.log:12599:    🔒 OpenRouter locked/exhausted (0 left) — skipping
overnight/drun_continuous.log:12608:    🔒 OpenRouter locked/exhausted (0 left) — skipping
overnight/drun_continuous.log:12616:    🔒 OpenRouter locked/exhausted (0 left) — skipping
overnight/drun_continuous.log:12620:    🔒 OpenRouter locked/exhausted (0 left) — skipping
overnight/drun_continuous.log:12627:    🔒 OpenRouter locked/exhausted (0 left) — skipping
overnight/drun_continuous.log:12633:    🔒 OpenRouter locked/exhausted (0 left) — skipping
overnight/drun_continuous.log:12643:    🔒 OpenRouter locked/exhausted (0 left) — skipping
overnight/drun_continuous.log:12649:    🔒 OpenRouter locked/exhausted (0 left) — skipping
overnight/drun_continuous.log:12656:    🔒 OpenRouter locked/exhausted (0 left) — skipping
overnight/drun_continuous.log:12663:    🔒 OpenRouter locked/exhausted (0 left) — skipping
overnight/drun_continuous.log:12670:    🔒 OpenRouter locked/exhausted (0 left) — skipping
overnight/drun_continuous.log:12677:    🔒 OpenRouter locked/exhausted (0 left) — skipping
overnight/drun_continuous.log:12685:    🔒 OpenRouter locked/exhausted (0 left) — skipping
overnight/drun_continuous.log:12692:    🔒 OpenRouter locked/exhausted (0 left) — skipping
overnight/drun_continuous.log:12696:    🔒 OpenRouter locked/exhausted (0 left) — skipping
overnight/drun_continuous.log:12705:    🔒 OpenRouter locked/exhausted (0 left) — skipping
overnight/drun_continuous.log:12713:    🔒 OpenRouter locked/exhausted (0 left) — skipping
overnight/drun_continuous.log:12720:    🔒 OpenRouter locked/exhausted (0 left) — skipping
overnight/drun_continuous.log:12734:    🔒 OpenRouter locked/exhausted (0 left) — skipping
overnight/drun_continuous.log:12741:    🔒 OpenRouter locked/exhausted (0 left) — skipping
overnight/drun_continuous.log:12748:    🔒 OpenRouter locked/exhausted (0 left) — skipping
overnight/drun_continuous.log:12754:    🔒 OpenRouter locked/exhausted (0 left) — skipping
overnight/drun_continuous.log:12762:    🔒 OpenRouter locked/exhausted (0 left) — skipping
overnight/drun_continuous.log:12770:    🔒 OpenRouter locked/exhausted (0 left) — skipping
overnight/drun_continuous.log:12776:    🔒 OpenRouter locked/exhausted (0 left) — skipping
overnight/drun_continuous.log:12783:    🔒 OpenRouter locked/exhausted (0 left) — skipping
overnight/drun_continuous.log:12791:    🔒 OpenRouter locked/exhausted (0 left) — skipping
overnight/drun_continuous.log:12798:    🔒 OpenRouter locked/exhausted (0 left) — skipping
overnight/drun_continuous.log:12805:    🔒 OpenRouter locked/exhausted (0 left) — skipping
overnight/drun_continuous.log:12812:    🔒 OpenRouter locked/exhausted (0 left) — skipping
overnight/drun_continuous.log:12819:    🔒 OpenRouter locked/exhausted (0 left) — skipping
overnight/drun_continuous.log:12827:    🔒 OpenRouter locked/exhausted (0 left) — skipping
overnight/drun_continuous.log:12834:    🔒 OpenRouter locked/exhausted (0 left) — skipping
overnight/drun_continuous.log:12842:    🔒 OpenRouter locked/exhausted (0 left) — skipping
overnight/drun_continuous.log:12847:    🔒 OpenRouter locked/exhausted (0 left) — skipping
overnight/drun_continuous.log:12854:    🔒 OpenRouter locked/exhausted (0 left) — skipping
overnight/drun_continuous.log:12862:    🔒 OpenRouter locked/exhausted (0 left) — skipping
overnight/drun_continuous.log:12870:    🔒 OpenRouter locked/exhausted (0 left) — skipping
overnight/drun_continuous.log:12878:    🔒 OpenRouter locked/exhausted (0 left) — skipping
overnight/drun_continuous.log:12884:    🔒 OpenRouter locked/exhausted (0 left) — skipping
overnight/drun_continuous.log:12891:    🔒 OpenRouter locked/exhausted (0 left) — skipping
overnight/drun_continuous.log:12898:    🔒 OpenRouter locked/exhausted (0 left) — skipping
overnight/drun_continuous.log:12906:    🔒 OpenRouter locked/exhausted (0 left) — skipping
overnight/drun_continuous.log:12959:    🔒 OpenRouter locked/exhausted (0 left) — skipping
overnight/drun_continuous.log:12968:    🔒 OpenRouter locked/exhausted (0 left) — skipping
overnight/drun_continuous.log:12974:    🔒 OpenRouter locked/exhausted (0 left) — skipping
overnight/drun_continuous.log:12981:    🔒 OpenRouter locked/exhausted (0 left) — skipping
overnight/drun_continuous.log:12988:    🔒 OpenRouter locked/exhausted (0 left) — skipping
overnight/drun_continuous.log:12995:    🔒 OpenRouter locked/exhausted (0 left) — skipping
overnight/drun_continuous.log:13003:    🔒 OpenRouter locked/exhausted (0 left) — skipping
overnight/drun_continuous.log:13010:    🔒 OpenRouter locked/exhausted (0 left) — skipping
overnight/drun_continuous.log:13016:    🔒 OpenRouter locked/exhausted (0 left) — skipping
overnight/drun_continuous.log:13023:    🔒 OpenRouter locked/exhausted (0 left) — skipping
overnight/drun_continuous.log:13027:    🔒 OpenRouter locked/exhausted (0 left) — skipping
overnight/drun_continuous.log:13034:    🔒 OpenRouter locked/exhausted (0 left) — skipping
overnight/drun_continuous.log:13040:    🔒 OpenRouter locked/exhausted (0 left) — skipping
overnight/drun_continuous.log:13048:    🔒 OpenRouter locked/exhausted (0 left) — skipping
overnight/drun_continuous.log:13054:    🔒 OpenRouter locked/exhausted (0 left) — skipping
overnight/drun_continuous.log:13063:    🔒 OpenRouter locked/exhausted (0 left) — skipping
overnight/drun_continuous.log:13071:    🔒 OpenRouter locked/exhausted (0 left) — skipping
overnight/drun_continuous.log:13078:    🔒 OpenRouter locked/exhausted (0 left) — skipping
overnight/drun_continuous.log:13086:    🔒 OpenRouter locked/exhausted (0 left) — skipping
overnight/drun_continuous.log:13093:    🔒 OpenRouter locked/exhausted (0 left) — skipping
overnight/drun_continuous.log:13107:    🔒 OpenRouter locked/exhausted (0 left) — skipping
overnight/drun_continuous.log:13113:    🔒 OpenRouter locked/exhausted (0 left) — skipping
overnight/drun_continuous.log:13117:    🔒 OpenRouter locked/exhausted (0 left) — skipping
overnight/drun_continuous.log:13126:    🔒 OpenRouter locked/exhausted (0 left) — skipping
overnight/drun_continuous.log:13133:    🔒 OpenRouter locked/exhausted (0 left) — skipping
overnight/drun_continuous.log:13141:    🔒 OpenRouter locked/exhausted (0 left) — skipping
overnight/drun_continuous.log:13148:    🔒 OpenRouter locked/exhausted (0 left) — skipping
overnight/drun_continuous.log:13152:    🔒 OpenRouter locked/exhausted (0 left) — skipping
overnight/drun_continuous.log:13160:    🔒 OpenRouter locked/exhausted (0 left) — skipping
overnight/drun_continuous.log:13168:    🔒 OpenRouter locked/exhausted (0 left) — skipping
overnight/drun_continuous.log:13175:    🔒 OpenRouter locked/exhausted (0 left) — skipping
overnight/drun_continuous.log:13185:    🔒 OpenRouter locked/exhausted (0 left) — skipping
overnight/drun_continuous.log:13192:    🔒 OpenRouter locked/exhausted (0 left) — skipping
overnight/drun_continuous.log:13197:    🔒 OpenRouter locked/exhausted (0 left) — skipping
overnight/drun_continuous.log:13205:    🔒 OpenRouter locked/exhausted (0 left) — skipping
overnight/drun_continuous.log:13213:    🔒 OpenRouter locked/exhausted (0 left) — skipping
overnight/drun_continuous.log:13220:    🔒 OpenRouter locked/exhausted (0 left) — skipping
overnight/drun_continuous.log:13228:    🔒 OpenRouter locked/exhausted (0 left) — skipping
overnight/drun_continuous.log:13235:    🔒 OpenRouter locked/exhausted (0 left) — skipping
overnight/drun_continuous.log:13240:    🔒 OpenRouter locked/exhausted (0 left) — skipping
overnight/drun_continuous.log:13247:    🔒 OpenRouter locked/exhausted (0 left) — skipping
overnight/drun_continuous.log:13253:    🔒 OpenRouter locked/exhausted (0 left) — skipping
overnight/drun_continuous.log:13259:    🔒 OpenRouter locked/exhausted (0 left) — skipping
overnight/drun_continuous.log:13268:    🔒 OpenRouter locked/exhausted (0 left) — skipping
overnight/drun_continuous.log:13273:    🔒 OpenRouter locked/exhausted (0 left) — skipping
overnight/drun_continuous.log:13280:    🔒 OpenRouter locked/exhausted (0 left) — skipping
overnight/drun_continuous.log:13287:    🔒 OpenRouter locked/exhausted (0 left) — skipping
overnight/drun_continuous.log:13295:    🔒 OpenRouter locked/exhausted (0 left) — skipping
overnight/drun_continuous.log:13349:    🔒 OpenRouter locked/exhausted (0 left) — skipping
overnight/drun_continuous.log:13359:    🔒 OpenRouter locked/exhausted (0 left) — skipping
overnight/drun_continuous.log:13368:    🔒 OpenRouter locked/exhausted (0 left) — skipping
overnight/drun_continuous.log:13374:    🔒 OpenRouter locked/exhausted (0 left) — skipping
overnight/drun_continuous.log:13383:    🔒 OpenRouter locked/exhausted (0 left) — skipping
overnight/drun_continuous.log:13389:    🔒 OpenRouter locked/exhausted (0 left) — skipping
overnight/drun_continuous.log:13398:    🔒 OpenRouter locked/exhausted (0 left) — skipping
overnight/drun_continuous.log:13404:    🔒 OpenRouter locked/exhausted (0 left) — skipping
overnight/drun_continuous.log:13413:    🔒 OpenRouter locked/exhausted (0 left) — skipping
overnight/drun_continuous.log:13419:    🔒 OpenRouter locked/exhausted (0 left) — skipping
overnight/drun_continuous.log:13425:    🔒 OpenRouter locked/exhausted (0 left) — skipping
overnight/drun_continuous.log:13432:    🔒 OpenRouter locked/exhausted (0 left) — skipping
overnight/drun_continuous.log:13439:    🔒 OpenRouter locked/exhausted (0 left) — skipping
overnight/drun_continuous.log:13445:    🔒 OpenRouter locked/exhausted (0 left) — skipping
overnight/drun_continuous.log:13452:    🔒 OpenRouter locked/exhausted (0 left) — skipping
overnight/drun_continuous.log:13459:    🔒 OpenRouter locked/exhausted (0 left) — skipping
overnight/drun_continuous.log:13467:    🔒 OpenRouter locked/exhausted (0 left) — skipping
overnight/drun_continuous.log:13474:    🔒 OpenRouter locked/exhausted (0 left) — skipping
overnight/drun_continuous.log:13482:    🔒 OpenRouter locked/exhausted (0 left) — skipping
overnight/drun_continuous.log:13489:    🔒 OpenRouter locked/exhausted (0 left) — skipping
overnight/drun_continuous.log:13502:    🔒 OpenRouter locked/exhausted (0 left) — skipping
overnight/drun_continuous.log:13507:    🔒 OpenRouter locked/exhausted (0 left) — skipping
overnight/drun_continuous.log:13516:    🔒 OpenRouter locked/exhausted (0 left) — skipping
overnight/drun_continuous.log:13523:    🔒 OpenRouter locked/exhausted (0 left) — skipping
overnight/drun_continuous.log:13531:    🔒 OpenRouter locked/exhausted (0 left) — skipping
overnight/drun_continuous.log:13536:    🔒 OpenRouter locked/exhausted (0 left) — skipping
overnight/drun_continuous.log:13543:    🔒 OpenRouter locked/exhausted (0 left) — skipping
overnight/drun_continuous.log:13552:    🔒 OpenRouter locked/exhausted (0 left) — skipping
overnight/drun_continuous.log:13560:    🔒 OpenRouter locked/exhausted (0 left) — skipping
overnight/drun_continuous.log:13567:    🔒 OpenRouter locked/exhausted (0 left) — skipping
overnight/drun_continuous.log:13572:    🔒 OpenRouter locked/exhausted (0 left) — skipping
overnight/drun_continuous.log:13582:    🔒 OpenRouter locked/exhausted (0 left) — skipping
overnight/drun_continuous.log:13589:    🔒 OpenRouter locked/exhausted (0 left) — skipping
overnight/drun_continuous.log:13596:    🔒 OpenRouter locked/exhausted (0 left) — skipping
overnight/drun_continuous.log:13650:    🔒 OpenRouter locked/exhausted (0 left) — skipping
overnight/drun_continuous.log:13658:    🔒 OpenRouter locked/exhausted (0 left) — skipping
overnight/drun_continuous.log:13665:    🔒 OpenRouter locked/exhausted (0 left) — skipping
overnight/drun_continuous.log:13672:    🔒 OpenRouter locked/exhausted (0 left) — skipping
overnight/drun_continuous.log:13678:    🔒 OpenRouter locked/exhausted (0 left) — skipping
overnight/drun_continuous.log:13686:    🔒 OpenRouter locked/exhausted (0 left) — skipping
overnight/drun_continuous.log:13692:    🔒 OpenRouter locked/exhausted (0 left) — skipping
overnight/drun_continuous.log:13699:    🔒 OpenRouter locked/exhausted (0 left) — skipping
overnight/drun_continuous.log:13706:    🔒 OpenRouter locked/exhausted (0 left) — skipping
overnight/drun_continuous.log:13713:    🔒 OpenRouter locked/exhausted (0 left) — skipping
overnight/drun_continuous.log:13720:    🔒 OpenRouter locked/exhausted (0 left) — skipping
overnight/drun_continuous.log:13728:    🔒 OpenRouter locked/exhausted (0 left) — skipping
overnight/drun_continuous.log:13734:    🔒 OpenRouter locked/exhausted (0 left) — skipping
overnight/drun_continuous.log:13741:    🔒 OpenRouter locked/exhausted (0 left) — skipping
overnight/drun_continuous.log:13748:    🔒 OpenRouter locked/exhausted (0 left) — skipping
overnight/drun_continuous.log:13755:    🔒 OpenRouter locked/exhausted (0 left) — skipping
overnight/drun_continuous.log:13761:    🔒 OpenRouter locked/exhausted (0 left) — skipping
overnight/drun_continuous.log:13769:    🔒 OpenRouter locked/exhausted (0 left) — skipping
overnight/drun_continuous.log:13775:    🔒 OpenRouter locked/exhausted (0 left) — skipping
overnight/drun_continuous.log:13782:    🔒 OpenRouter locked/exhausted (0 left) — skipping
overnight/drun_continuous.log:13793:    🔒 OpenRouter locked/exhausted (0 left) — skipping
overnight/drun_continuous.log:13798:    🔒 OpenRouter locked/exhausted (0 left) — skipping
overnight/drun_continuous.log:13804:    🔒 OpenRouter locked/exhausted (0 left) — skipping
overnight/drun_continuous.log:13813:    🔒 OpenRouter locked/exhausted (0 left) — skipping
overnight/drun_continuous.log:13820:    🔒 OpenRouter locked/exhausted (0 left) — skipping
overnight/drun_continuous.log:13828:    🔒 OpenRouter locked/exhausted (0 left) — skipping
overnight/drun_continuous.log:13835:    🔒 OpenRouter locked/exhausted (0 left) — skipping
overnight/drun_continuous.log:13840:    🔒 OpenRouter locked/exhausted (0 left) — skipping
overnight/drun_continuous.log:13848:    🔒 OpenRouter locked/exhausted (0 left) — skipping
overnight/drun_continuous.log:13856:    🔒 OpenRouter locked/exhausted (0 left) — skipping
overnight/drun_continuous.log:13863:    🔒 OpenRouter locked/exhausted (0 left) — skipping
overnight/drun_continuous.log:13873:    🔒 OpenRouter locked/exhausted (0 left) — skipping
overnight/drun_continuous.log:13880:    🔒 OpenRouter locked/exhausted (0 left) — skipping
overnight/drun_continuous.log:13885:    🔒 OpenRouter locked/exhausted (0 left) — skipping
overnight/drun_continuous.log:13895:    🔒 OpenRouter locked/exhausted (0 left) — skipping
overnight/drun_continuous.log:13904:    🔒 OpenRouter locked/exhausted (0 left) — skipping
overnight/drun_continuous.log:13911:    🔒 OpenRouter locked/exhausted (0 left) — skipping
overnight/drun_continuous.log:13965:    🔒 OpenRouter locked/exhausted (0 left) — skipping
overnight/drun_continuous.log:13975:    🔒 OpenRouter locked/exhausted (0 left) — skipping
overnight/drun_continuous.log:13984:    🔒 OpenRouter locked/exhausted (0 left) — skipping
overnight/drun_continuous.log:13990:    🔒 OpenRouter locked/exhausted (0 left) — skipping
overnight/drun_continuous.log:13999:    🔒 OpenRouter locked/exhausted (0 left) — skipping
overnight/drun_continuous.log:14005:    🔒 OpenRouter locked/exhausted (0 left) — skipping
overnight/drun_continuous.log:14014:    🔒 OpenRouter locked/exhausted (0 left) — skipping
overnight/drun_continuous.log:14020:    🔒 OpenRouter locked/exhausted (0 left) — skipping
overnight/drun_continuous.log:14027:    🔒 OpenRouter locked/exhausted (0 left) — skipping
overnight/drun_continuous.log:14033:    🔒 OpenRouter locked/exhausted (0 left) — skipping
overnight/drun_continuous.log:14039:    🔒 OpenRouter locked/exhausted (0 left) — skipping
overnight/drun_continuous.log:14046:    🔒 OpenRouter locked/exhausted (0 left) — skipping
overnight/drun_continuous.log:14053:    🔒 OpenRouter locked/exhausted (0 left) — skipping
overnight/drun_continuous.log:14060:    🔒 OpenRouter locked/exhausted (0 left) — skipping
overnight/drun_continuous.log:14068:    🔒 OpenRouter locked/exhausted (0 left) — skipping
overnight/drun_continuous.log:14074:    🔒 OpenRouter locked/exhausted (0 left) — skipping
overnight/drun_continuous.log:14082:    🔒 OpenRouter locked/exhausted (0 left) — skipping
overnight/drun_continuous.log:14089:    🔒 OpenRouter locked/exhausted (0 left) — skipping
overnight/drun_continuous.log:14098:    🔒 OpenRouter locked/exhausted (0 left) — skipping
overnight/drun_continuous.log:14104:    🔒 OpenRouter locked/exhausted (0 left) — skipping
overnight/drun_continuous.log:14118:    🔒 OpenRouter locked/exhausted (0 left) — skipping
overnight/drun_continuous.log:14124:    🔒 OpenRouter locked/exhausted (0 left) — skipping
overnight/drun_continuous.log:14128:    🔒 OpenRouter locked/exhausted (0 left) — skipping
overnight/drun_continuous.log:14137:    🔒 OpenRouter locked/exhausted (0 left) — skipping
overnight/drun_continuous.log:14144:    🔒 OpenRouter locked/exhausted (0 left) — skipping
overnight/drun_continuous.log:14152:    🔒 OpenRouter locked/exhausted (0 left) — skipping
overnight/drun_continuous.log:14159:    🔒 OpenRouter locked/exhausted (0 left) — skipping
overnight/drun_continuous.log:14165:    🔒 OpenRouter locked/exhausted (0 left) — skipping
overnight/drun_continuous.log:14173:    🔒 OpenRouter locked/exhausted (0 left) — skipping
overnight/drun_continuous.log:14181:    🔒 OpenRouter locked/exhausted (0 left) — skipping
overnight/drun_continuous.log:14187:    🔒 OpenRouter locked/exhausted (0 left) — skipping
overnight/drun_continuous.log:14243:    🔒 OpenRouter locked/exhausted (0 left) — skipping
overnight/drun_continuous.log:14253:    🔒 OpenRouter locked/exhausted (0 left) — skipping
overnight/drun_continuous.log:14262:    🔒 OpenRouter locked/exhausted (0 left) — skipping
overnight/drun_continuous.log:14268:    🔒 OpenRouter locked/exhausted (0 left) — skipping
overnight/drun_continuous.log:14277:    🔒 OpenRouter locked/exhausted (0 left) — skipping
overnight/drun_continuous.log:14283:    🔒 OpenRouter locked/exhausted (0 left) — skipping
overnight/drun_continuous.log:14292:    🔒 OpenRouter locked/exhausted (0 left) — skipping
overnight/drun_continuous.log:14298:    🔒 OpenRouter locked/exhausted (0 left) — skipping
overnight/drun_continuous.log:14307:    🔒 OpenRouter locked/exhausted (0 left) — skipping
overnight/drun_continuous.log:14313:    🔒 OpenRouter locked/exhausted (0 left) — skipping
overnight/drun_continuous.log:14319:    🔒 OpenRouter locked/exhausted (0 left) — skipping
overnight/drun_continuous.log:14326:    🔒 OpenRouter locked/exhausted (0 left) — skipping
overnight/drun_continuous.log:14335:    🔒 OpenRouter locked/exhausted (0 left) — skipping
overnight/drun_continuous.log:14342:    🔒 OpenRouter locked/exhausted (0 left) — skipping
overnight/drun_continuous.log:14348:    🔒 OpenRouter locked/exhausted (0 left) — skipping
overnight/drun_continuous.log:14354:    🔒 OpenRouter locked/exhausted (0 left) — skipping
overnight/drun_continuous.log:14362:    🔒 OpenRouter locked/exhausted (0 left) — skipping
overnight/drun_continuous.log:14369:    🔒 OpenRouter locked/exhausted (0 left) — skipping
overnight/drun_continuous.log:14375:    🔒 OpenRouter locked/exhausted (0 left) — skipping
overnight/drun_continuous.log:14383:    🔒 OpenRouter locked/exhausted (0 left) — skipping
overnight/drun_continuous.log:14394:    🔒 OpenRouter locked/exhausted (0 left) — skipping
overnight/drun_continuous.log:14401:    🔒 OpenRouter locked/exhausted (0 left) — skipping
overnight/drun_continuous.log:14405:    🔒 OpenRouter locked/exhausted (0 left) — skipping
overnight/drun_continuous.log:14413:    🔒 OpenRouter locked/exhausted (0 left) — skipping
overnight/drun_continuous.log:14422:    🔒 OpenRouter locked/exhausted (0 left) — skipping
overnight/drun_continuous.log:14429:    🔒 OpenRouter locked/exhausted (0 left) — skipping
overnight/drun_continuous.log:14483:    🔒 OpenRouter locked/exhausted (0 left) — skipping
overnight/drun_continuous.log:14493:    🔒 OpenRouter locked/exhausted (0 left) — skipping
overnight/drun_continuous.log:14498:    🔒 OpenRouter locked/exhausted (0 left) — skipping
overnight/drun_continuous.log:14505:    🔒 OpenRouter locked/exhausted (0 left) — skipping
overnight/drun_continuous.log:14513:    🔒 OpenRouter locked/exhausted (0 left) — skipping
overnight/drun_continuous.log:14520:    🔒 OpenRouter locked/exhausted (0 left) — skipping
overnight/drun_continuous.log:14528:    🔒 OpenRouter locked/exhausted (0 left) — skipping
overnight/drun_continuous.log:14535:    🔒 OpenRouter locked/exhausted (0 left) — skipping
overnight/drun_continuous.log:14544:    🔒 OpenRouter locked/exhausted (0 left) — skipping
overnight/drun_continuous.log:14550:    🔒 OpenRouter locked/exhausted (0 left) — skipping
overnight/drun_continuous.log:14556:    🔒 OpenRouter locked/exhausted (0 left) — skipping
overnight/drun_continuous.log:14563:    🔒 OpenRouter locked/exhausted (0 left) — skipping
overnight/drun_continuous.log:14572:    🔒 OpenRouter locked/exhausted (0 left) — skipping
overnight/drun_continuous.log:14579:    🔒 OpenRouter locked/exhausted (0 left) — skipping
overnight/drun_continuous.log:14585:    🔒 OpenRouter locked/exhausted (0 left) — skipping
overnight/drun_continuous.log:14591:    🔒 OpenRouter locked/exhausted (0 left) — skipping
overnight/drun_continuous.log:14598:    🔒 OpenRouter locked/exhausted (0 left) — skipping
overnight/drun_continuous.log:14605:    🔒 OpenRouter locked/exhausted (0 left) — skipping
overnight/drun_continuous.log:14611:    🔒 OpenRouter locked/exhausted (0 left) — skipping
overnight/drun_continuous.log:14619:    🔒 OpenRouter locked/exhausted (0 left) — skipping
overnight/drun_continuous.log:14631:    🔒 OpenRouter locked/exhausted (0 left) — skipping
overnight/drun_continuous.log:14637:    🔒 OpenRouter locked/exhausted (0 left) — skipping
overnight/drun_continuous.log:14644:    🔒 OpenRouter locked/exhausted (0 left) — skipping
overnight/drun_continuous.log:14652:    🔒 OpenRouter locked/exhausted (0 left) — skipping
overnight/drun_continuous.log:14660:    🔒 OpenRouter locked/exhausted (0 left) — skipping
overnight/drun_continuous.log:14667:    🔒 OpenRouter locked/exhausted (0 left) — skipping
overnight/drun_continuous.log:14672:    🔒 OpenRouter locked/exhausted (0 left) — skipping
overnight/drun_continuous.log:14679:    🔒 OpenRouter locked/exhausted (0 left) — skipping
overnight/drun_continuous.log:14688:    🔒 OpenRouter locked/exhausted (0 left) — skipping
overnight/drun_continuous.log:14695:    🔒 OpenRouter locked/exhausted (0 left) — skipping
overnight/drun_continuous.log:14750:    🔒 OpenRouter locked/exhausted (0 left) — skipping
overnight/drun_continuous.log:14757:    🔒 OpenRouter locked/exhausted (0 left) — skipping
overnight/drun_continuous.log:14765:    🔒 OpenRouter locked/exhausted (0 left) — skipping
overnight/drun_continuous.log:14772:    🔒 OpenRouter locked/exhausted (0 left) — skipping
overnight/drun_continuous.log:14780:    🔒 OpenRouter locked/exhausted (0 left) — skipping
overnight/drun_continuous.log:14787:    🔒 OpenRouter locked/exhausted (0 left) — skipping
overnight/drun_continuous.log:14796:    🔒 OpenRouter locked/exhausted (0 left) — skipping
overnight/drun_continuous.log:14802:    🔒 OpenRouter locked/exhausted (0 left) — skipping
overnight/drun_continuous.log:14811:    🔒 OpenRouter locked/exhausted (0 left) — skipping
overnight/drun_continuous.log:14817:    🔒 OpenRouter locked/exhausted (0 left) — skipping
overnight/drun_continuous.log:14823:    🔒 OpenRouter locked/exhausted (0 left) — skipping
overnight/drun_continuous.log:14830:    🔒 OpenRouter locked/exhausted (0 left) — skipping
overnight/drun_continuous.log:14839:    🔒 OpenRouter locked/exhausted (0 left) — skipping
overnight/drun_continuous.log:14846:    🔒 OpenRouter locked/exhausted (0 left) — skipping
overnight/drun_continuous.log:14854:    🔒 OpenRouter locked/exhausted (0 left) — skipping
overnight/drun_continuous.log:14861:    🔒 OpenRouter locked/exhausted (0 left) — skipping
overnight/drun_continuous.log:14870:    🔒 OpenRouter locked/exhausted (0 left) — skipping
overnight/drun_continuous.log:14876:    🔒 OpenRouter locked/exhausted (0 left) — skipping
overnight/drun_continuous.log:14883:    🔒 OpenRouter locked/exhausted (0 left) — skipping
overnight/drun_continuous.log:14889:    🔒 OpenRouter locked/exhausted (0 left) — skipping
overnight/drun_continuous.log:14903:    🔒 OpenRouter locked/exhausted (0 left) — skipping
overnight/drun_continuous.log:14910:    🔒 OpenRouter locked/exhausted (0 left) — skipping
overnight/drun_continuous.log:14914:    🔒 OpenRouter locked/exhausted (0 left) — skipping
overnight/drun_continuous.log:14923:    🔒 OpenRouter locked/exhausted (0 left) — skipping
overnight/drun_continuous.log:14931:    🔒 OpenRouter locked/exhausted (0 left) — skipping
overnight/drun_continuous.log:14938:    🔒 OpenRouter locked/exhausted (0 left) — skipping
overnight/drun_continuous.log:14947:    🔒 OpenRouter locked/exhausted (0 left) — skipping
overnight/drun_continuous.log:14952:    🔒 OpenRouter locked/exhausted (0 left) — skipping
overnight/drun_continuous.log:14959:    🔒 OpenRouter locked/exhausted (0 left) — skipping
overnight/drun_continuous.log:14967:    🔒 OpenRouter locked/exhausted (0 left) — skipping
overnight/drun_continuous.log:14975:    🔒 OpenRouter locked/exhausted (0 left) — skipping
overnight/drun_continuous.log:14983:    🔒 OpenRouter locked/exhausted (0 left) — skipping
overnight/drun_continuous.log:14990:    🔒 OpenRouter locked/exhausted (0 left) — skipping
overnight/drun_continuous.log:14994:    🔒 OpenRouter locked/exhausted (0 left) — skipping
overnight/drun_continuous.log:15001:    🔒 OpenRouter locked/exhausted (0 left) — skipping
overnight/drun_continuous.log:15011:    🔒 OpenRouter locked/exhausted (0 left) — skipping
grep: overnight/__pycache__/llm_client.cpython-314.pyc: binary file matches
=== TDD RED PHASE ===
overnight/self_improver.py:589:                print(f"       ⚠️ TDD Red Phase FAILED: Test passes immediately. Rejecting vacuous test.")
overnight/self_improver.py:592:                print(f"       🔴 TDD Red Phase CONFIRMED: Test fails as expected.")
overnight/drun_continuous.log:158:       ⚠️ TDD Red Phase FAILED: Test passes immediately. Rejecting vacuous test.
overnight/drun_continuous.log:229:       🔴 TDD Red Phase CONFIRMED: Test fails as expected.
overnight/drun_continuous.log:263:       🔴 TDD Red Phase CONFIRMED: Test fails as expected.
overnight/drun_continuous.log:297:       ⚠️ TDD Red Phase FAILED: Test passes immediately. Rejecting vacuous test.
overnight/drun_continuous.log:333:       🔴 TDD Red Phase CONFIRMED: Test fails as expected.
overnight/drun_continuous.log:367:       ⚠️ TDD Red Phase FAILED: Test passes immediately. Rejecting vacuous test.
overnight/drun_continuous.log:401:       🔴 TDD Red Phase CONFIRMED: Test fails as expected.
overnight/drun_continuous.log:441:       ⚠️ TDD Red Phase FAILED: Test passes immediately. Rejecting vacuous test.
overnight/drun_continuous.log:475:       🔴 TDD Red Phase CONFIRMED: Test fails as expected.
overnight/drun_continuous.log:509:       🔴 TDD Red Phase CONFIRMED: Test fails as expected.
overnight/drun_continuous.log:542:       🔴 TDD Red Phase CONFIRMED: Test fails as expected.
overnight/drun_continuous.log:585:       🔴 TDD Red Phase CONFIRMED: Test fails as expected.
overnight/drun_continuous.log:620:       🔴 TDD Red Phase CONFIRMED: Test fails as expected.
overnight/drun_continuous.log:660:       🔴 TDD Red Phase CONFIRMED: Test fails as expected.
overnight/drun_continuous.log:694:       🔴 TDD Red Phase CONFIRMED: Test fails as expected.
overnight/drun_continuous.log:728:       🔴 TDD Red Phase CONFIRMED: Test fails as expected.
overnight/drun_continuous.log:766:       🔴 TDD Red Phase CONFIRMED: Test fails as expected.
overnight/drun_continuous.log:806:       🔴 TDD Red Phase CONFIRMED: Test fails as expected.
overnight/drun_continuous.log:840:       🔴 TDD Red Phase CONFIRMED: Test fails as expected.
overnight/drun_continuous.log:882:       ⚠️ TDD Red Phase FAILED: Test passes immediately. Rejecting vacuous test.
overnight/drun_continuous.log:909:       🔴 TDD Red Phase CONFIRMED: Test fails as expected.
overnight/drun_continuous.log:943:       ⚠️ TDD Red Phase FAILED: Test passes immediately. Rejecting vacuous test.
overnight/drun_continuous.log:976:       🔴 TDD Red Phase CONFIRMED: Test fails as expected.
overnight/drun_continuous.log:1016:       🔴 TDD Red Phase CONFIRMED: Test fails as expected.
overnight/drun_continuous.log:1048:       🔴 TDD Red Phase CONFIRMED: Test fails as expected.
overnight/drun_continuous.log:1082:       🔴 TDD Red Phase CONFIRMED: Test fails as expected.
overnight/drun_continuous.log:1121:       🔴 TDD Red Phase CONFIRMED: Test fails as expected.
overnight/drun_continuous.log:1170:       🔴 TDD Red Phase CONFIRMED: Test fails as expected.
overnight/drun_continuous.log:1197:       🔴 TDD Red Phase CONFIRMED: Test fails as expected.
overnight/drun_continuous.log:1234:       🔴 TDD Red Phase CONFIRMED: Test fails as expected.
overnight/drun_continuous.log:1267:       🔴 TDD Red Phase CONFIRMED: Test fails as expected.
overnight/drun_continuous.log:1471:       🔴 TDD Red Phase CONFIRMED: Test fails as expected.
overnight/drun_continuous.log:1505:       🔴 TDD Red Phase CONFIRMED: Test fails as expected.
overnight/drun_continuous.log:1538:       🔴 TDD Red Phase CONFIRMED: Test fails as expected.
overnight/drun_continuous.log:1750:       🔴 TDD Red Phase CONFIRMED: Test fails as expected.
overnight/drun_continuous.log:1784:       ⚠️ TDD Red Phase FAILED: Test passes immediately. Rejecting vacuous test.
overnight/drun_continuous.log:1823:       🔴 TDD Red Phase CONFIRMED: Test fails as expected.
overnight/drun_continuous.log:2035:       🔴 TDD Red Phase CONFIRMED: Test fails as expected.
overnight/drun_continuous.log:2067:       🔴 TDD Red Phase CONFIRMED: Test fails as expected.
overnight/drun_continuous.log:2101:       🔴 TDD Red Phase CONFIRMED: Test fails as expected.
overnight/drun_continuous.log:2359:       🔴 TDD Red Phase CONFIRMED: Test fails as expected.
overnight/drun_continuous.log:2749:       🔴 TDD Red Phase CONFIRMED: Test fails as expected.
overnight/drun_continuous.log:2764:       🔴 TDD Red Phase CONFIRMED: Test fails as expected.
overnight/drun_continuous.log:2776:       🔴 TDD Red Phase CONFIRMED: Test fails as expected.
overnight/drun_continuous.log:2786:       🔴 TDD Red Phase CONFIRMED: Test fails as expected.
overnight/drun_continuous.log:2870:       ⚠️ TDD Red Phase FAILED: Test passes immediately. Rejecting vacuous test.
overnight/drun_continuous.log:2882:       🔴 TDD Red Phase CONFIRMED: Test fails as expected.
overnight/drun_continuous.log:2892:       🔴 TDD Red Phase CONFIRMED: Test fails as expected.
overnight/drun_continuous.log:2911:       🔴 TDD Red Phase CONFIRMED: Test fails as expected.
overnight/drun_continuous.log:2923:       🔴 TDD Red Phase CONFIRMED: Test fails as expected.
overnight/drun_continuous.log:2932:       🔴 TDD Red Phase CONFIRMED: Test fails as expected.
overnight/drun_continuous.log:2943:       🔴 TDD Red Phase CONFIRMED: Test fails as expected.
overnight/drun_continuous.log:2956:       🔴 TDD Red Phase CONFIRMED: Test fails as expected.
overnight/drun_continuous.log:2967:       ⚠️ TDD Red Phase FAILED: Test passes immediately. Rejecting vacuous test.
overnight/drun_continuous.log:2978:       ⚠️ TDD Red Phase FAILED: Test passes immediately. Rejecting vacuous test.
overnight/drun_continuous.log:2989:       🔴 TDD Red Phase CONFIRMED: Test fails as expected.
overnight/drun_continuous.log:2999:       🔴 TDD Red Phase CONFIRMED: Test fails as expected.
overnight/drun_continuous.log:3016:       ⚠️ TDD Red Phase FAILED: Test passes immediately. Rejecting vacuous test.
overnight/drun_continuous.log:3030:       🔴 TDD Red Phase CONFIRMED: Test fails as expected.
overnight/drun_continuous.log:3040:       ⚠️ TDD Red Phase FAILED: Test passes immediately. Rejecting vacuous test.
overnight/drun_continuous.log:3051:       🔴 TDD Red Phase CONFIRMED: Test fails as expected.
overnight/drun_continuous.log:3063:       🔴 TDD Red Phase CONFIRMED: Test fails as expected.
overnight/drun_continuous.log:3075:       🔴 TDD Red Phase CONFIRMED: Test fails as expected.
overnight/drun_continuous.log:3096:       🔴 TDD Red Phase CONFIRMED: Test fails as expected.
overnight/drun_continuous.log:3106:       🔴 TDD Red Phase CONFIRMED: Test fails as expected.
overnight/drun_continuous.log:3116:       ⚠️ TDD Red Phase FAILED: Test passes immediately. Rejecting vacuous test.
overnight/drun_continuous.log:3126:       🔴 TDD Red Phase CONFIRMED: Test fails as expected.
overnight/drun_continuous.log:3137:       ⚠️ TDD Red Phase FAILED: Test passes immediately. Rejecting vacuous test.
overnight/drun_continuous.log:3149:       🔴 TDD Red Phase CONFIRMED: Test fails as expected.
overnight/drun_continuous.log:3160:       🔴 TDD Red Phase CONFIRMED: Test fails as expected.
overnight/drun_continuous.log:3174:       🔴 TDD Red Phase CONFIRMED: Test fails as expected.
overnight/drun_continuous.log:3187:       🔴 TDD Red Phase CONFIRMED: Test fails as expected.
overnight/drun_continuous.log:3204:       🔴 TDD Red Phase CONFIRMED: Test fails as expected.
overnight/drun_continuous.log:3216:       🔴 TDD Red Phase CONFIRMED: Test fails as expected.
overnight/drun_continuous.log:3228:       🔴 TDD Red Phase CONFIRMED: Test fails as expected.
overnight/drun_continuous.log:3241:       ⚠️ TDD Red Phase FAILED: Test passes immediately. Rejecting vacuous test.
overnight/drun_continuous.log:3254:       🔴 TDD Red Phase CONFIRMED: Test fails as expected.
overnight/drun_continuous.log:3264:       🔴 TDD Red Phase CONFIRMED: Test fails as expected.
overnight/drun_continuous.log:3281:       🔴 TDD Red Phase CONFIRMED: Test fails as expected.
overnight/drun_continuous.log:3291:       ⚠️ TDD Red Phase FAILED: Test passes immediately. Rejecting vacuous test.
overnight/drun_continuous.log:3302:       ⚠️ TDD Red Phase FAILED: Test passes immediately. Rejecting vacuous test.
overnight/drun_continuous.log:3315:       🔴 TDD Red Phase CONFIRMED: Test fails as expected.
overnight/drun_continuous.log:3328:       🔴 TDD Red Phase CONFIRMED: Test fails as expected.
overnight/drun_continuous.log:3422:       ⚠️ TDD Red Phase FAILED: Test passes immediately. Rejecting vacuous test.
overnight/drun_continuous.log:3434:       🔴 TDD Red Phase CONFIRMED: Test fails as expected.
overnight/drun_continuous.log:3446:       🔴 TDD Red Phase CONFIRMED: Test fails as expected.
overnight/drun_continuous.log:3458:       🔴 TDD Red Phase CONFIRMED: Test fails as expected.
overnight/drun_continuous.log:3478:       ⚠️ TDD Red Phase FAILED: Test passes immediately. Rejecting vacuous test.
overnight/drun_continuous.log:3490:       ⚠️ TDD Red Phase FAILED: Test passes immediately. Rejecting vacuous test.
overnight/drun_continuous.log:3500:       🔴 TDD Red Phase CONFIRMED: Test fails as expected.
overnight/drun_continuous.log:3510:       🔴 TDD Red Phase CONFIRMED: Test fails as expected.
overnight/drun_continuous.log:3523:       ⚠️ TDD Red Phase FAILED: Test passes immediately. Rejecting vacuous test.
overnight/drun_continuous.log:3538:       🔴 TDD Red Phase CONFIRMED: Test fails as expected.
overnight/drun_continuous.log:3557:       🔴 TDD Red Phase CONFIRMED: Test fails as expected.
overnight/drun_continuous.log:3567:       ⚠️ TDD Red Phase FAILED: Test passes immediately. Rejecting vacuous test.
overnight/drun_continuous.log:3577:       🔴 TDD Red Phase CONFIRMED: Test fails as expected.
overnight/drun_continuous.log:3587:       🔴 TDD Red Phase CONFIRMED: Test fails as expected.
overnight/drun_continuous.log:3597:       ⚠️ TDD Red Phase FAILED: Test passes immediately. Rejecting vacuous test.
overnight/drun_continuous.log:3628:       ⚠️ TDD Red Phase FAILED: Test passes immediately. Rejecting vacuous test.
overnight/drun_continuous.log:3638:       ⚠️ TDD Red Phase FAILED: Test passes immediately. Rejecting vacuous test.
overnight/drun_continuous.log:3648:       🔴 TDD Red Phase CONFIRMED: Test fails as expected.
overnight/drun_continuous.log:3662:       🔴 TDD Red Phase CONFIRMED: Test fails as expected.
overnight/drun_continuous.log:3672:       ⚠️ TDD Red Phase FAILED: Test passes immediately. Rejecting vacuous test.
overnight/drun_continuous.log:3684:       🔴 TDD Red Phase CONFIRMED: Test fails as expected.
overnight/drun_continuous.log:3699:       🔴 TDD Red Phase CONFIRMED: Test fails as expected.
overnight/drun_continuous.log:3722:       🔴 TDD Red Phase CONFIRMED: Test fails as expected.
overnight/drun_continuous.log:3745:       🔴 TDD Red Phase CONFIRMED: Test fails as expected.
overnight/drun_continuous.log:3775:       🔴 TDD Red Phase CONFIRMED: Test fails as expected.
overnight/drun_continuous.log:3798:       🔴 TDD Red Phase CONFIRMED: Test fails as expected.
overnight/drun_continuous.log:3821:       🔴 TDD Red Phase CONFIRMED: Test fails as expected.
overnight/drun_continuous.log:3852:       🔴 TDD Red Phase CONFIRMED: Test fails as expected.
overnight/drun_continuous.log:3875:       🔴 TDD Red Phase CONFIRMED: Test fails as expected.
overnight/drun_continuous.log:3898:       🔴 TDD Red Phase CONFIRMED: Test fails as expected.
overnight/drun_continuous.log:3921:       ⚠️ TDD Red Phase FAILED: Test passes immediately. Rejecting vacuous test.
overnight/drun_continuous.log:3944:       🔴 TDD Red Phase CONFIRMED: Test fails as expected.
overnight/drun_continuous.log:3967:       🔴 TDD Red Phase CONFIRMED: Test fails as expected.
overnight/drun_continuous.log:3994:       🔴 TDD Red Phase CONFIRMED: Test fails as expected.
overnight/drun_continuous.log:4013:       ⚠️ TDD Red Phase FAILED: Test passes immediately. Rejecting vacuous test.
overnight/drun_continuous.log:4036:       🔴 TDD Red Phase CONFIRMED: Test fails as expected.
overnight/drun_continuous.log:4062:       ⚠️ TDD Red Phase FAILED: Test passes immediately. Rejecting vacuous test.
overnight/drun_continuous.log:4128:       🔴 TDD Red Phase CONFIRMED: Test fails as expected.
overnight/drun_continuous.log:4162:       ⚠️ TDD Red Phase FAILED: Test passes immediately. Rejecting vacuous test.
overnight/drun_continuous.log:4200:       ⚠️ TDD Red Phase FAILED: Test passes immediately. Rejecting vacuous test.
overnight/drun_continuous.log:4234:       🔴 TDD Red Phase CONFIRMED: Test fails as expected.
overnight/drun_continuous.log:4462:       ⚠️ TDD Red Phase FAILED: Test passes immediately. Rejecting vacuous test.
overnight/drun_continuous.log:4489:       🔴 TDD Red Phase CONFIRMED: Test fails as expected.
overnight/drun_continuous.log:4524:       🔴 TDD Red Phase CONFIRMED: Test fails as expected.
overnight/drun_continuous.log:4564:       🔴 TDD Red Phase CONFIRMED: Test fails as expected.
overnight/drun_continuous.log:4598:       ⚠️ TDD Red Phase FAILED: Test passes immediately. Rejecting vacuous test.
overnight/drun_continuous.log:4631:       🔴 TDD Red Phase CONFIRMED: Test fails as expected.
overnight/drun_continuous.log:4665:       ⚠️ TDD Red Phase FAILED: Test passes immediately. Rejecting vacuous test.
overnight/drun_continuous.log:4883:       ⚠️ TDD Red Phase FAILED: Test passes immediately. Rejecting vacuous test.
overnight/drun_continuous.log:4917:       🔴 TDD Red Phase CONFIRMED: Test fails as expected.
overnight/drun_continuous.log:5136:       ⚠️ TDD Red Phase FAILED: Test passes immediately. Rejecting vacuous test.
overnight/drun_continuous.log:5163:       🔴 TDD Red Phase CONFIRMED: Test fails as expected.
overnight/drun_continuous.log:5201:       🔴 TDD Red Phase CONFIRMED: Test fails as expected.
overnight/drun_continuous.log:5420:       🔴 TDD Red Phase CONFIRMED: Test fails as expected.
overnight/drun_continuous.log:5454:       🔴 TDD Red Phase CONFIRMED: Test fails as expected.
overnight/drun_continuous.log:5488:       🔴 TDD Red Phase CONFIRMED: Test fails as expected.
overnight/drun_continuous.log:5521:       🔴 TDD Red Phase CONFIRMED: Test fails as expected.
overnight/drun_continuous.log:5740:       🔴 TDD Red Phase CONFIRMED: Test fails as expected.
overnight/drun_continuous.log:5779:       🔴 TDD Red Phase CONFIRMED: Test fails as expected.
overnight/drun_continuous.log:5806:       🔴 TDD Red Phase CONFIRMED: Test fails as expected.
overnight/drun_continuous.log:6025:       🔴 TDD Red Phase CONFIRMED: Test fails as expected.
overnight/drun_continuous.log:6052:       🔴 TDD Red Phase CONFIRMED: Test fails as expected.
overnight/drun_continuous.log:6272:       🔴 TDD Red Phase CONFIRMED: Test fails as expected.
overnight/drun_continuous.log:6467:       ⚠️ TDD Red Phase FAILED: Test passes immediately. Rejecting vacuous test.
overnight/drun_continuous.log:6507:       🔴 TDD Red Phase CONFIRMED: Test fails as expected.
overnight/drun_continuous.log:6713:       ⚠️ TDD Red Phase FAILED: Test passes immediately. Rejecting vacuous test.
overnight/drun_continuous.log:6746:       🔴 TDD Red Phase CONFIRMED: Test fails as expected.
overnight/drun_continuous.log:6786:       🔴 TDD Red Phase CONFIRMED: Test fails as expected.
overnight/drun_continuous.log:7005:       🔴 TDD Red Phase CONFIRMED: Test fails as expected.
overnight/drun_continuous.log:7032:       🔴 TDD Red Phase CONFIRMED: Test fails as expected.
overnight/drun_continuous.log:7070:       ⚠️ TDD Red Phase FAILED: Test passes immediately. Rejecting vacuous test.
overnight/drun_continuous.log:7290:       🔴 TDD Red Phase CONFIRMED: Test fails as expected.
overnight/drun_continuous.log:7324:       ⚠️ TDD Red Phase FAILED: Test passes immediately. Rejecting vacuous test.
overnight/drun_continuous.log:7357:       🔴 TDD Red Phase CONFIRMED: Test fails as expected.
overnight/drun_continuous.log:7390:       🔴 TDD Red Phase CONFIRMED: Test fails as expected.
overnight/drun_continuous.log:7430:       🔴 TDD Red Phase CONFIRMED: Test fails as expected.
overnight/drun_continuous.log:7649:       ⚠️ TDD Red Phase FAILED: Test passes immediately. Rejecting vacuous test.
overnight/drun_continuous.log:7676:       ⚠️ TDD Red Phase FAILED: Test passes immediately. Rejecting vacuous test.
overnight/drun_continuous.log:7709:       🔴 TDD Red Phase CONFIRMED: Test fails as expected.
overnight/drun_continuous.log:7750:       🔴 TDD Red Phase CONFIRMED: Test fails as expected.
overnight/drun_continuous.log:7784:       ⚠️ TDD Red Phase FAILED: Test passes immediately. Rejecting vacuous test.
overnight/drun_continuous.log:7822:       🔴 TDD Red Phase CONFIRMED: Test fails as expected.
overnight/drun_continuous.log:8041:       ⚠️ TDD Red Phase FAILED: Test passes immediately. Rejecting vacuous test.
overnight/drun_continuous.log:8068:       🔴 TDD Red Phase CONFIRMED: Test fails as expected.
overnight/drun_continuous.log:8106:       🔴 TDD Red Phase CONFIRMED: Test fails as expected.
overnight/drun_continuous.log:8140:       ⚠️ TDD Red Phase FAILED: Test passes immediately. Rejecting vacuous test.
overnight/drun_continuous.log:8174:       🔴 TDD Red Phase CONFIRMED: Test fails as expected.
overnight/drun_continuous.log:8212:       ⚠️ TDD Red Phase FAILED: Test passes immediately. Rejecting vacuous test.
overnight/drun_continuous.log:8433:       ⚠️ TDD Red Phase FAILED: Test passes immediately. Rejecting vacuous test.
overnight/drun_continuous.log:8460:       🔴 TDD Red Phase CONFIRMED: Test fails as expected.
overnight/drun_continuous.log:8493:       ⚠️ TDD Red Phase FAILED: Test passes immediately. Rejecting vacuous test.
overnight/drun_continuous.log:8712:       ⚠️ TDD Red Phase FAILED: Test passes immediately. Rejecting vacuous test.
overnight/drun_continuous.log:8739:       🔴 TDD Red Phase CONFIRMED: Test fails as expected.
overnight/drun_continuous.log:8779:       ⚠️ TDD Red Phase FAILED: Test passes immediately. Rejecting vacuous test.
overnight/drun_continuous.log:8999:       🔴 TDD Red Phase CONFIRMED: Test fails as expected.
overnight/drun_continuous.log:9026:       ⚠️ TDD Red Phase FAILED: Test passes immediately. Rejecting vacuous test.
overnight/drun_continuous.log:9061:       🔴 TDD Red Phase CONFIRMED: Test fails as expected.
overnight/drun_continuous.log:9308:       ⚠️ TDD Red Phase FAILED: Test passes immediately. Rejecting vacuous test.
overnight/drun_continuous.log:9335:       🔴 TDD Red Phase CONFIRMED: Test fails as expected.
overnight/drun_continuous.log:9556:       🔴 TDD Red Phase CONFIRMED: Test fails as expected.
overnight/drun_continuous.log:9942:       🔴 TDD Red Phase CONFIRMED: Test fails as expected.
overnight/drun_continuous.log:9984:       🔴 TDD Red Phase CONFIRMED: Test fails as expected.
overnight/drun_continuous.log:10027:       🔴 TDD Red Phase CONFIRMED: Test fails as expected.
overnight/drun_continuous.log:10061:       🔴 TDD Red Phase CONFIRMED: Test fails as expected.
overnight/drun_continuous.log:10272:       🔴 TDD Red Phase CONFIRMED: Test fails as expected.
overnight/drun_continuous.log:10312:       🔴 TDD Red Phase CONFIRMED: Test fails as expected.
overnight/drun_continuous.log:10532:       🔴 TDD Red Phase CONFIRMED: Test fails as expected.
overnight/drun_continuous.log:10562:       🔴 TDD Red Phase CONFIRMED: Test fails as expected.
overnight/drun_continuous.log:10780:       🔴 TDD Red Phase CONFIRMED: Test fails as expected.
overnight/drun_continuous.log:10807:       🔴 TDD Red Phase CONFIRMED: Test fails as expected.
overnight/drun_continuous.log:10842:       🔴 TDD Red Phase CONFIRMED: Test fails as expected.
overnight/drun_continuous.log:10876:       🔴 TDD Red Phase CONFIRMED: Test fails as expected.
overnight/drun_continuous.log:10909:       🔴 TDD Red Phase CONFIRMED: Test fails as expected.
overnight/drun_continuous.log:11129:       🔴 TDD Red Phase CONFIRMED: Test fails as expected.
overnight/drun_continuous.log:11163:       🔴 TDD Red Phase CONFIRMED: Test fails as expected.
overnight/drun_continuous.log:11196:       ⚠️ TDD Red Phase FAILED: Test passes immediately. Rejecting vacuous test.
overnight/drun_continuous.log:11264:       🔴 TDD Red Phase CONFIRMED: Test fails as expected.
overnight/drun_continuous.log:11304:       🔴 TDD Red Phase CONFIRMED: Test fails as expected.
overnight/drun_continuous.log:11573:       🔴 TDD Red Phase CONFIRMED: Test fails as expected.
overnight/drun_continuous.log:11649:       🔴 TDD Red Phase CONFIRMED: Test fails as expected.
overnight/drun_continuous.log:11693:       🔴 TDD Red Phase CONFIRMED: Test fails as expected.
overnight/drun_continuous.log:11728:       🔴 TDD Red Phase CONFIRMED: Test fails as expected.
overnight/drun_continuous.log:11766:       🔴 TDD Red Phase CONFIRMED: Test fails as expected.
overnight/drun_continuous.log:11997:       🔴 TDD Red Phase CONFIRMED: Test fails as expected.
overnight/drun_continuous.log:12031:       🔴 TDD Red Phase CONFIRMED: Test fails as expected.
overnight/drun_continuous.log:12069:       🔴 TDD Red Phase CONFIRMED: Test fails as expected.
overnight/drun_continuous.log:12105:       🔴 TDD Red Phase CONFIRMED: Test fails as expected.
overnight/drun_continuous.log:12148:       🔴 TDD Red Phase CONFIRMED: Test fails as expected.
overnight/drun_continuous.log:12195:       🔴 TDD Red Phase CONFIRMED: Test fails as expected.
overnight/drun_continuous.log:12428:       🔴 TDD Red Phase CONFIRMED: Test fails as expected.
overnight/drun_continuous.log:12466:       🔴 TDD Red Phase CONFIRMED: Test fails as expected.
overnight/drun_continuous.log:12575:       ⚠️ TDD Red Phase FAILED: Test passes immediately. Rejecting vacuous test.
overnight/drun_continuous.log:12618:       ⚠️ TDD Red Phase FAILED: Test passes immediately. Rejecting vacuous test.
overnight/drun_continuous.log:12654:       ⚠️ TDD Red Phase FAILED: Test passes immediately. Rejecting vacuous test.
overnight/drun_continuous.log:12694:       🔴 TDD Red Phase CONFIRMED: Test fails as expected.
overnight/drun_continuous.log:12739:       🔴 TDD Red Phase CONFIRMED: Test fails as expected.
overnight/drun_continuous.log:12810:       ⚠️ TDD Red Phase FAILED: Test passes immediately. Rejecting vacuous test.
overnight/drun_continuous.log:12845:       ⚠️ TDD Red Phase FAILED: Test passes immediately. Rejecting vacuous test.
overnight/drun_continuous.log:12882:       🔴 TDD Red Phase CONFIRMED: Test fails as expected.
overnight/drun_continuous.log:13115:       ⚠️ TDD Red Phase FAILED: Test passes immediately. Rejecting vacuous test.
overnight/drun_continuous.log:13150:       🔴 TDD Red Phase CONFIRMED: Test fails as expected.
overnight/drun_continuous.log:13195:       🔴 TDD Red Phase CONFIRMED: Test fails as expected.
overnight/drun_continuous.log:13271:       🔴 TDD Red Phase CONFIRMED: Test fails as expected.
overnight/drun_continuous.log:13505:       ⚠️ TDD Red Phase FAILED: Test passes immediately. Rejecting vacuous test.
overnight/drun_continuous.log:13534:       🔴 TDD Red Phase CONFIRMED: Test fails as expected.
overnight/drun_continuous.log:13570:       🔴 TDD Red Phase CONFIRMED: Test fails as expected.
overnight/drun_continuous.log:13796:       ⚠️ TDD Red Phase FAILED: Test passes immediately. Rejecting vacuous test.
overnight/drun_continuous.log:13838:       🔴 TDD Red Phase CONFIRMED: Test fails as expected.
overnight/drun_continuous.log:13883:       ⚠️ TDD Red Phase FAILED: Test passes immediately. Rejecting vacuous test.
overnight/drun_continuous.log:14126:       ⚠️ TDD Red Phase FAILED: Test passes immediately. Rejecting vacuous test.
overnight/drun_continuous.log:14163:       🔴 TDD Red Phase CONFIRMED: Test fails as expected.
overnight/drun_continuous.log:14403:       🔴 TDD Red Phase CONFIRMED: Test fails as expected.
overnight/drun_continuous.log:14635:       ⚠️ TDD Red Phase FAILED: Test passes immediately. Rejecting vacuous test.
overnight/drun_continuous.log:14670:       🔴 TDD Red Phase CONFIRMED: Test fails as expected.
overnight/drun_continuous.log:14912:       🔴 TDD Red Phase CONFIRMED: Test fails as expected.
overnight/drun_continuous.log:14950:       ⚠️ TDD Red Phase FAILED: Test passes immediately. Rejecting vacuous test.
overnight/drun_continuous.log:14992:       🔴 TDD Red Phase CONFIRMED: Test fails as expected.
overnight/drun_continuous.log:15028:       🔴 TDD Red Phase CONFIRMED: Test fails as expected.
overnight/drun_continuous.log:15040:       🔴 TDD Red Phase CONFIRMED: Test fails as expected.
overnight/drun_continuous.log:15056:       🔴 TDD Red Phase CONFIRMED: Test fails as expected.
overnight/drun_continuous.log:15146:       ⚠️ TDD Red Phase FAILED: Test passes immediately. Rejecting vacuous test.
overnight/drun_continuous.log:15157:       🔴 TDD Red Phase CONFIRMED: Test fails as expected.
overnight/drun_continuous.log:15182:       ⚠️ TDD Red Phase FAILED: Test passes immediately. Rejecting vacuous test.
overnight/drun_continuous.log:15192:       🔴 TDD Red Phase CONFIRMED: Test fails as expected.
overnight/drun_continuous.log:15202:       🔴 TDD Red Phase CONFIRMED: Test fails as expected.
overnight/drun_continuous.log:15217:       ⚠️ TDD Red Phase FAILED: Test passes immediately. Rejecting vacuous test.
overnight/drun_continuous.log:15228:       ⚠️ TDD Red Phase FAILED: Test passes immediately. Rejecting vacuous test.
overnight/drun_continuous.log:15239:       ⚠️ TDD Red Phase FAILED: Test passes immediately. Rejecting vacuous test.
overnight/drun_continuous.log:15258:       🔴 TDD Red Phase CONFIRMED: Test fails as expected.
overnight/drun_continuous.log:15268:       🔴 TDD Red Phase CONFIRMED: Test fails as expected.
overnight/drun_continuous.log:15279:       🔴 TDD Red Phase CONFIRMED: Test fails as expected.
overnight/drun_continuous.log:15294:       🔴 TDD Red Phase CONFIRMED: Test fails as expected.
overnight/drun_continuous.log:15335:       🔴 TDD Red Phase CONFIRMED: Test fails as expected.
overnight/drun_continuous.log:15346:       ⚠️ TDD Red Phase FAILED: Test passes immediately. Rejecting vacuous test.
overnight/drun_continuous.log:15357:       ⚠️ TDD Red Phase FAILED: Test passes immediately. Rejecting vacuous test.
overnight/drun_continuous.log:15369:       🔴 TDD Red Phase CONFIRMED: Test fails as expected.
overnight/drun_continuous.log:15379:       🔴 TDD Red Phase CONFIRMED: Test fails as expected.
overnight/drun_continuous.log:15390:       🔴 TDD Red Phase CONFIRMED: Test fails as expected.
overnight/drun_continuous.log:15402:       🔴 TDD Red Phase CONFIRMED: Test fails as expected.
overnight/drun_continuous.log:15421:       ⚠️ TDD Red Phase FAILED: Test passes immediately. Rejecting vacuous test.
overnight/drun_continuous.log:15447:       🔴 TDD Red Phase CONFIRMED: Test fails as expected.
overnight/drun_continuous.log:15460:       🔴 TDD Red Phase CONFIRMED: Test fails as expected.
overnight/drun_continuous.log:15470:       🔴 TDD Red Phase CONFIRMED: Test fails as expected.
overnight/drun_continuous.log:15494:       ⚠️ TDD Red Phase FAILED: Test passes immediately. Rejecting vacuous test.
overnight/drun_continuous.log:15504:       🔴 TDD Red Phase CONFIRMED: Test fails as expected.
overnight/drun_continuous.log:15515:       ⚠️ TDD Red Phase FAILED: Test passes immediately. Rejecting vacuous test.
overnight/drun_continuous.log:15527:       🔴 TDD Red Phase CONFIRMED: Test fails as expected.
overnight/drun_continuous.log:15538:       🔴 TDD Red Phase CONFIRMED: Test fails as expected.
overnight/drun_continuous.log:15551:       ⚠️ TDD Red Phase FAILED: Test passes immediately. Rejecting vacuous test.
overnight/drun_continuous.log:15566:       🔴 TDD Red Phase CONFIRMED: Test fails as expected.
overnight/drun_continuous.log:15576:       🔴 TDD Red Phase CONFIRMED: Test fails as expected.
overnight/self_improver.py.bak.stab:587:                print(f"       ⚠️ TDD Red Phase FAILED: Test passes immediately. Rejecting vacuous test.")
overnight/self_improver.py.bak.stab:590:                print(f"       🔴 TDD Red Phase CONFIRMED: Test fails as expected.")
grep: overnight/__pycache__/self_improver.cpython-314.pyc: binary file matches
=== FILE LINE COUNTS ===
  1121 overnight/self_improver.py
    80 overnight/verifier.py
   556 overnight/overnight_verify_and_develop.py
   835 overnight/llm_client.py
   374 overnight/budget_manager.py
  2966 total
